# primary_source, primary_data_type, primary_descriptor, dependent_source, dependent_data_type, dependent_descriptor, relationship, dependency_type

# <---- CoDICE Dependencies ---->

codice, l0, raw, codice, l1a, all, HARD, DOWNSTREAM
codice, ancillary, l1a-sci-lut, codice, l1a, all, HARD, DOWNSTREAM
leapseconds, spice, historical, codice, l1a, all, HARD_NO_TRIGGER, DOWNSTREAM
spacecraft_clock, spice, historical, codice, l1a, all, HARD_NO_TRIGGER, DOWNSTREAM

codice, l1a, lo-counters-aggregated, codice, l1b, lo-counters-aggregated, HARD, DOWNSTREAM
codice, l1a, lo-counters-singles, codice, l1b, lo-counters-singles, HARD, DOWNSTREAM
codice, l1a, hi-counters-aggregated, codice, l1b, hi-counters-aggregated, HARD, DOWNSTREAM
codice, l1a, hi-counters-singles, codice, l1b, hi-counters-singles, HARD, DOWNSTREAM
codice, l1a, lo-sw-priority, codice, l1b, lo-sw-priority, HARD, DOWNSTREAM
codice, l1a, lo-nsw-priority, codice, l1b, lo-nsw-priority, HARD, DOWNSTREAM
codice, l1a, lo-sw-angular, codice, l1b, lo-sw-angular, HARD, DOWNSTREAM
codice, l1a, lo-nsw-angular, codice, l1b, lo-nsw-angular, HARD, DOWNSTREAM
codice, l1a, lo-sw-species, codice, l1b, lo-sw-species, HARD, DOWNSTREAM
codice, l1a, lo-nsw-species, codice, l1b, lo-nsw-species, HARD, DOWNSTREAM
codice, l1a, hi-omni, codice, l1b, hi-omni, HARD, DOWNSTREAM
codice, l1a, hi-priority, codice, l1b, hi-priority, HARD, DOWNSTREAM
codice, l1a, hi-sectored, codice, l1b, hi-sectored, HARD, DOWNSTREAM

# CoDICe L2 dependencies
codice, l1a, lo-direct-events, codice, l2, lo-direct-events, HARD, DOWNSTREAM
codice, ancillary, l2-lo-onboard-energy-table, codice, l2, lo-direct-events, HARD, DOWNSTREAM
codice, ancillary, l2-lo-onboard-energy-bins, codice, l2, lo-direct-events, HARD, DOWNSTREAM
codice, ancillary, l2-lo-onboard-mpq-cal, codice, l2, lo-direct-events, HARD, DOWNSTREAM

codice, l1a, hi-direct-events, codice, l2, hi-direct-events, HARD, DOWNSTREAM
codice, ancillary, l2-hi-energy-table, codice, l2, hi-direct-events, HARD, DOWNSTREAM
codice, ancillary, l2-hi-tof-table, codice, l2, hi-direct-events, HARD, DOWNSTREAM

codice, l1b, lo-sw-species, codice, l2, lo-sw-species, HARD, DOWNSTREAM
codice, ancillary, l2-lo-gfactor, codice, l2, lo-sw-species, HARD, DOWNSTREAM
codice, ancillary, l2-lo-efficiency, codice, l2, lo-sw-species, HARD, DOWNSTREAM

codice, l1b, lo-nsw-species, codice, l2, lo-nsw-species, HARD, DOWNSTREAM
codice, ancillary, l2-lo-gfactor, codice, l2, lo-nsw-species, HARD, DOWNSTREAM
codice, ancillary, l2-lo-efficiency, codice, l2, lo-nsw-species, HARD, DOWNSTREAM

codice, l1b, lo-sw-angular, codice, l2, lo-sw-angular, HARD, DOWNSTREAM
codice, ancillary, l2-lo-gfactor, codice, l2, lo-sw-angular, HARD, DOWNSTREAM
codice, ancillary, l2-lo-efficiency, codice, l2, lo-sw-angular, HARD, DOWNSTREAM

codice, l1b, lo-nsw-angular, codice, l2, lo-nsw-angular, HARD, DOWNSTREAM
codice, ancillary, l2-lo-gfactor, codice, l2, lo-nsw-angular, HARD, DOWNSTREAM
codice, ancillary, l2-lo-efficiency, codice, l2, lo-nsw-angular, HARD, DOWNSTREAM

codice, l1b, hi-omni, codice, l2, hi-omni, HARD, DOWNSTREAM
codice, ancillary, l2-hi-omni-efficiency, codice, l2, hi-omni, HARD, DOWNSTREAM

codice, l1b, hi-sectored, codice, l2, hi-sectored, HARD, DOWNSTREAM
codice, ancillary, l2-hi-sectored-efficiency, codice, l2, hi-sectored, HARD, DOWNSTREAM

# CoDICe L3 dependencies
codice, l2, lo-sw-species, codice, l3a, lo-partial-densities, HARD, DOWNSTREAM
codice, ancillary, mass-per-charge, codice, l3a, lo-partial-densities, HARD, DOWNSTREAM

codice, l1a, lo-sw-priority, codice, l3a, lo-direct-events, HARD, DOWNSTREAM
codice, l1a, lo-nsw-priority, codice, l3a, lo-direct-events, HARD, DOWNSTREAM
codice, l2, lo-direct-events, codice, l3a, lo-direct-events, HARD, DOWNSTREAM
codice, ancillary, lo-energy-per-charge, codice, l3a, lo-direct-events, HARD, DOWNSTREAM
codice, ancillary, mass-coefficient-lookup, codice, l3a, lo-direct-events, HARD, DOWNSTREAM

codice, l3a, lo-partial-densities, codice, l3a, lo-sw-ratios, HARD, DOWNSTREAM
codice, l3a, lo-partial-densities, codice, l3a, lo-sw-charge-state-distributions, HARD, DOWNSTREAM

codice, l2, hi-direct-events, codice, l3a, hi-direct-events, HARD, DOWNSTREAM

mag, l1d, norm-dsrf, codice, l3b, hi-pitch-angle, HARD, DOWNSTREAM
codice, l2, hi-sectored, codice, l3b, hi-pitch-angle, HARD, DOWNSTREAM

codice, l3a, lo-direct-events, codice, l3a, lo-hplus-3d-distribution, HARD, DOWNSTREAM
codice, l1a, lo-sw-priority, codice, l3a, lo-hplus-3d-distribution, HARD_NO_TRIGGER, DOWNSTREAM
codice, l1a, lo-nsw-priority, codice, l3a, lo-hplus-3d-distribution, HARD_NO_TRIGGER, DOWNSTREAM
codice, ancillary, lo-mass-species-bin-lookup, codice, l3a, lo-hplus-3d-distribution, HARD, DOWNSTREAM
codice, ancillary, l2-lo-gfactor, codice, l3a, lo-hplus-3d-distribution, HARD, DOWNSTREAM
codice, ancillary, lo-energy-per-charge, codice, l3a, lo-hplus-3d-distribution, HARD, DOWNSTREAM
codice, ancillary, l2-lo-efficiency, codice, l3a, lo-hplus-3d-distribution, HARD, DOWNSTREAM

codice, l3a, lo-direct-events, codice, l3a, lo-heplus2-3d-distribution, HARD, DOWNSTREAM
codice, l1a, lo-sw-priority, codice, l3a, lo-heplus2-3d-distribution, HARD_NO_TRIGGER, DOWNSTREAM
codice, l1a, lo-nsw-priority, codice, l3a, lo-heplus2-3d-distribution, HARD_NO_TRIGGER, DOWNSTREAM
codice, ancillary, lo-mass-species-bin-lookup, codice, l3a, lo-heplus2-3d-distribution, HARD, DOWNSTREAM
codice, ancillary, l2-lo-gfactor, codice, l3a, lo-heplus2-3d-distribution, HARD, DOWNSTREAM
codice, ancillary, lo-energy-per-charge, codice, l3a, lo-heplus2-3d-distribution, HARD, DOWNSTREAM
codice, ancillary, l2-lo-efficiency, codice, l3a, lo-heplus2-3d-distribution, HARD, DOWNSTREAM

codice, l3a, lo-direct-events, codice, l3a, lo-oplus6-3d-distribution, HARD, DOWNSTREAM
codice, l1a, lo-sw-priority, codice, l3a, lo-oplus6-3d-distribution, HARD_NO_TRIGGER, DOWNSTREAM
codice, l1a, lo-nsw-priority, codice, l3a, lo-oplus6-3d-distribution, HARD_NO_TRIGGER, DOWNSTREAM
codice, ancillary, lo-mass-species-bin-lookup, codice, l3a, lo-oplus6-3d-distribution, HARD, DOWNSTREAM
codice, ancillary, l2-lo-gfactor, codice, l3a, lo-oplus6-3d-distribution, HARD, DOWNSTREAM
codice, ancillary, lo-energy-per-charge, codice, l3a, lo-oplus6-3d-distribution, HARD, DOWNSTREAM
codice, ancillary, l2-lo-efficiency, codice, l3a, lo-oplus6-3d-distribution, HARD, DOWNSTREAM

codice, l3a, lo-direct-events, codice, l3a, lo-heplus-3d-distribution, HARD, DOWNSTREAM
codice, l1a, lo-sw-priority, codice, l3a, lo-heplus-3d-distribution, HARD_NO_TRIGGER, DOWNSTREAM
codice, l1a, lo-nsw-priority, codice, l3a, lo-heplus-3d-distribution, HARD_NO_TRIGGER, DOWNSTREAM
codice, ancillary, lo-mass-species-bin-lookup, codice, l3a, lo-heplus-3d-distribution, HARD, DOWNSTREAM
codice, ancillary, l2-lo-gfactor, codice, l3a, lo-heplus-3d-distribution, HARD, DOWNSTREAM
codice, ancillary, lo-energy-per-charge, codice, l3a, lo-heplus-3d-distribution, HARD, DOWNSTREAM
codice, ancillary, l2-lo-efficiency, codice, l3a, lo-heplus-3d-distribution, HARD, DOWNSTREAM

# <---- `GLOWS` Dependencies ---->
glows, l0, raw, glows, l1a, all, HARD, DOWNSTREAM
leapseconds, spice, historical, glows, l1a, all, HARD_NO_TRIGGER, DOWNSTREAM
spacecraft_clock, spice, historical, glows, l1a, all, HARD_NO_TRIGGER, DOWNSTREAM

glows, l1a, de, glows, l1b, de, HARD, DOWNSTREAM
glows, ancillary, l1b-conversion-table-for-anc-data, glows, l1b, de, HARD, DOWNSTREAM

glows, l1a, hist, glows, l1b, hist, HARD, DOWNSTREAM
spin, spin, historical, glows, l1b, hist, HARD, DOWNSTREAM
glows, ancillary, l1b-exclusions-by-instr-team, glows, l1b, hist, HARD, DOWNSTREAM
glows, ancillary, l1b-map-of-excluded-regions, glows, l1b, hist, HARD, DOWNSTREAM
glows, ancillary, l1b-map-of-uv-sources, glows, l1b, hist, HARD, DOWNSTREAM
glows, ancillary, pipeline-settings, glows, l1b, hist, HARD, DOWNSTREAM
glows, ancillary, l1b-suspected-transients, glows, l1b, hist, HARD, DOWNSTREAM
glows, ancillary, l1b-conversion-table-for-anc-data, glows, l1b, hist, HARD, DOWNSTREAM
imap_frames, spice, historical, glows, l1b, hist, HARD_NO_TRIGGER, DOWNSTREAM
science_frames, spice, historical, glows, l1b, hist, HARD_NO_TRIGGER, DOWNSTREAM
attitude_history, spice, historical, glows, l1b, hist, HARD, DOWNSTREAM
pointing_attitude, spice, historical, glows, l1b, hist, HARD_NO_TRIGGER, DOWNSTREAM
ephemeris_reconstructed, spice, historical, glows, l1b, hist, HARD_NO_TRIGGER, DOWNSTREAM
planetary_ephemeris, spice, historical, glows, l1b, hist, HARD_NO_TRIGGER, DOWNSTREAM
leapseconds, spice, historical, glows, l1b, hist, HARD_NO_TRIGGER, DOWNSTREAM
spacecraft_clock, spice, historical, glows, l1b, hist, HARD_NO_TRIGGER, DOWNSTREAM

glows, l1b, hist, glows, l2, hist, HARD, DOWNSTREAM
glows, ancillary, pipeline-settings, glows, l2, hist, HARD, DOWNSTREAM
glows, ancillary, l2-calibration, glows, l2, hist, HARD, DOWNSTREAM
leapseconds, spice, historical, glows, l2, hist, HARD_NO_TRIGGER, DOWNSTREAM
spacecraft_clock, spice, historical, glows, l2, hist, HARD_NO_TRIGGER, DOWNSTREAM
imap_frames, spice, historical, glows, l2, hist, HARD_NO_TRIGGER, DOWNSTREAM
science_frames, spice, historical, glows, l2, hist, HARD_NO_TRIGGER, DOWNSTREAM
pointing_attitude, spice, historical, glows, l2, hist, HARD_NO_TRIGGER, DOWNSTREAM

glows, l2, hist, glows, l3a, hist, HARD, DOWNSTREAM
glows, ancillary, calibration-data, glows, l3a, hist, HARD, DOWNSTREAM
glows, ancillary, l3a-time-dep-bckgrd, glows, l3a, hist, HARD, DOWNSTREAM
glows, ancillary, l3a-map-of-extra-helio-bckgrd, glows, l3a, hist, HARD, DOWNSTREAM
glows, ancillary, pipeline-settings, glows, l3a, hist, HARD, DOWNSTREAM

# <---- HI Dependencies ---->
# L1A
hi, l0, raw, hi, l1a, all, HARD, DOWNSTREAM
leapseconds, spice, historical, hi, l1a, all, HARD_NO_TRIGGER, DOWNSTREAM
spacecraft_clock, spice, historical, hi, l1a, all, HARD_NO_TRIGGER, DOWNSTREAM

# L1B HK
hi, l0, raw, hi, l1b, hk, HARD, DOWNSTREAM
leapseconds, spice, historical, hi, l1b, hk, HARD_NO_TRIGGER, DOWNSTREAM
spacecraft_clock, spice, historical, hi, l1b, hk, HARD_NO_TRIGGER, DOWNSTREAM

# L1B 45sensor-de
hi, l1a, 45sensor-de, hi, l1b, 45sensor-de, HARD, DOWNSTREAM
hi, l1b, 45sensor-hk, hi, l1b, 45sensor-de, HARD, DOWNSTREAM
hi, ancillary, 45sensor-esa-energies, hi, l1b, 45sensor-de, HARD, DOWNSTREAM
leapseconds, spice, historical, hi, l1b, 45sensor-de, HARD_NO_TRIGGER, DOWNSTREAM
spacecraft_clock, spice, historical, hi, l1b, 45sensor-de, HARD_NO_TRIGGER, DOWNSTREAM
imap_frames, spice, historical, hi, l1b, 45sensor-de, HARD_NO_TRIGGER, DOWNSTREAM
planetary_ephemeris, spice, historical, hi, l1b, 45sensor-de, HARD_NO_TRIGGER, DOWNSTREAM
attitude_history, spice, historical, hi, l1b, 45sensor-de, HARD, DOWNSTREAM
ephemeris_reconstructed, spice, historical, hi, l1b, 45sensor-de, HARD_NO_TRIGGER, DOWNSTREAM
ephemeris_predicted, spice, best, hi, l1b, 45sensor-de, HARD_NO_TRIGGER, DOWNSTREAM
ephemeris_90days, spice, best, hi, l1b, 45sensor-de, HARD_NO_TRIGGER, DOWNSTREAM
spin, spin, historical, hi, l1b, 45sensor-de, HARD_NO_TRIGGER, DOWNSTREAM

# L1B 90sensor-de
hi, l1a, 90sensor-de, hi, l1b, 90sensor-de, HARD, DOWNSTREAM
hi, l1b, 90sensor-hk, hi, l1b, 90sensor-de, HARD, DOWNSTREAM
hi, ancillary, 90sensor-esa-energies, hi, l1b, 90sensor-de, HARD, DOWNSTREAM
leapseconds, spice, historical, hi, l1b, 90sensor-de, HARD_NO_TRIGGER, DOWNSTREAM
spacecraft_clock, spice, historical, hi, l1b, 90sensor-de, HARD_NO_TRIGGER, DOWNSTREAM
imap_frames, spice, historical, hi, l1b, 90sensor-de, HARD_NO_TRIGGER, DOWNSTREAM
planetary_ephemeris, spice, historical, hi, l1b, 90sensor-de, HARD_NO_TRIGGER, DOWNSTREAM
attitude_history, spice, historical, hi, l1b, 90sensor-de, HARD, DOWNSTREAM
ephemeris_reconstructed, spice, historical, hi, l1b, 90sensor-de, HARD_NO_TRIGGER, DOWNSTREAM
ephemeris_predicted, spice, best, hi, l1b, 90sensor-de, HARD_NO_TRIGGER, DOWNSTREAM
ephemeris_90days, spice, best, hi, l1b, 90sensor-de, HARD_NO_TRIGGER, DOWNSTREAM
spin, spin, historical, hi, l1b, 90sensor-de, HARD_NO_TRIGGER, DOWNSTREAM

# hi l1b 45sensor-goodtimes
leapseconds, spice, historical, hi, l1b, 45sensor-goodtimes, HARD_NO_TRIGGER, DOWNSTREAM
spacecraft_clock, spice, historical, hi, l1b, 45sensor-goodtimes, HARD_NO_TRIGGER, DOWNSTREAM
repoint, repoint, historical, hi, l1b, 45sensor-goodtimes, HARD_NO_TRIGGER, DOWNSTREAM
hi, l1a, 45sensor-diagfee, hi, l1b, 45sensor-goodtimes, HARD, DOWNSTREAM
hi, l1b, 45sensor-hk, hi, l1b, 45sensor-goodtimes, HARD, DOWNSTREAM
hi, l1b, 45sensor-de, hi, l1b, 45sensor-goodtimes, HARD, DOWNSTREAM
hi, ancillary, 45sensor-cal-prod, hi, l1b, 45sensor-goodtimes, HARD, DOWNSTREAM

# hi l1b 90sensor-goodtimes
leapseconds, spice, historical, hi, l1b, 90sensor-goodtimes, HARD_NO_TRIGGER, DOWNSTREAM
spacecraft_clock, spice, historical, hi, l1b, 90sensor-goodtimes, HARD_NO_TRIGGER, DOWNSTREAM
repoint, repoint, historical, hi, l1b, 90sensor-goodtimes, HARD_NO_TRIGGER, DOWNSTREAM
hi, l1a, 90sensor-diagfee, hi, l1b, 90sensor-goodtimes, HARD, DOWNSTREAM
hi, l1b, 90sensor-hk, hi, l1b, 90sensor-goodtimes, HARD, DOWNSTREAM
hi, l1b, 90sensor-de, hi, l1b, 90sensor-goodtimes, HARD, DOWNSTREAM
hi, ancillary, 90sensor-cal-prod, hi, l1b, 90sensor-goodtimes, HARD, DOWNSTREAM

# hi l1c 45sensor-pset
leapseconds, spice, historical, hi, l1c, 45sensor-pset, HARD_NO_TRIGGER, DOWNSTREAM
spacecraft_clock, spice, historical, hi, l1c, 45sensor-pset, HARD_NO_TRIGGER, DOWNSTREAM
imap_frames, spice, historical, hi, l1c, 45sensor-pset, HARD_NO_TRIGGER, DOWNSTREAM
science_frames, spice, historical, hi, l1c, 45sensor-pset, HARD_NO_TRIGGER, DOWNSTREAM
planetary_ephemeris, spice, historical, hi, l1c, 45sensor-pset, HARD_NO_TRIGGER, DOWNSTREAM
attitude_history, spice, historical, hi, l1c, 45sensor-pset, HARD_NO_TRIGGER, DOWNSTREAM
pointing_attitude, spice, historical, hi, l1c, 45sensor-pset, HARD, DOWNSTREAM
ephemeris_reconstructed, spice, historical, hi, l1c, 45sensor-pset, HARD_NO_TRIGGER, DOWNSTREAM
ephemeris_predicted, spice, best, hi, l1c, 45sensor-pset, HARD_NO_TRIGGER, DOWNSTREAM
ephemeris_90days, spice, best, hi, l1c, 45sensor-pset, HARD_NO_TRIGGER, DOWNSTREAM
repoint, repoint, historical, hi, l1c, 45sensor-pset, HARD_NO_TRIGGER, DOWNSTREAM
spin, spin, historical, hi, l1c, 45sensor-pset, HARD_NO_TRIGGER, DOWNSTREAM
hi, ancillary, 45sensor-cal-prod, hi, l1c, 45sensor-pset, HARD, DOWNSTREAM
hi, l1b, 45sensor-de, hi, l1c, 45sensor-pset, HARD, DOWNSTREAM
hi, l1b, 45sensor-goodtimes, hi, l1c, 45sensor-pset, HARD, DOWNSTREAM

# hi l1c 90sensor-pset
leapseconds, spice, historical, hi, l1c, 90sensor-pset, HARD_NO_TRIGGER, DOWNSTREAM
spacecraft_clock, spice, historical, hi, l1c, 90sensor-pset, HARD_NO_TRIGGER, DOWNSTREAM
imap_frames, spice, historical, hi, l1c, 90sensor-pset, HARD_NO_TRIGGER, DOWNSTREAM
science_frames, spice, historical, hi, l1c, 90sensor-pset, HARD_NO_TRIGGER, DOWNSTREAM
planetary_ephemeris, spice, historical, hi, l1c, 90sensor-pset, HARD_NO_TRIGGER, DOWNSTREAM
attitude_history, spice, historical, hi, l1c, 90sensor-pset, HARD_NO_TRIGGER, DOWNSTREAM
pointing_attitude, spice, historical, hi, l1c, 90sensor-pset, HARD, DOWNSTREAM
ephemeris_reconstructed, spice, historical, hi, l1c, 90sensor-pset, HARD_NO_TRIGGER, DOWNSTREAM
ephemeris_predicted, spice, best, hi, l1c, 90sensor-pset, HARD_NO_TRIGGER, DOWNSTREAM
ephemeris_90days, spice, best, hi, l1c, 90sensor-pset, HARD_NO_TRIGGER, DOWNSTREAM
repoint, repoint, historical, hi, l1c, 90sensor-pset, HARD_NO_TRIGGER, DOWNSTREAM
spin, spin, historical, hi, l1c, 90sensor-pset, HARD_NO_TRIGGER, DOWNSTREAM
hi, ancillary, 90sensor-cal-prod, hi, l1c, 90sensor-pset, HARD, DOWNSTREAM
hi, l1b, 90sensor-de, hi, l1c, 90sensor-pset, HARD, DOWNSTREAM
hi, l1b, 90sensor-goodtimes, hi, l1c, 90sensor-pset, HARD, DOWNSTREAM

# Hi L2 Map Dependencies:
# Roughly 50 different Hi maps will be made - with the following parameters...
# 2 different reference frames          (hf,        sf)
# 3 different time periods              (3mo,       6mo,    1yr)
# 3 different ena directions            (full, ram, anti)
# 3 different map spacings/resolutions  (4deg,   6deg)
# 2 different sensors                   (45sensor,  90sensor)
# 1 coordinate frame                    (hae)
# Hi-90 L2
# leapseconds
leapseconds, spice, historical, hi, l2, h90-ena-h-sf-nsp-full-hae-6deg-3mo, HARD_NO_TRIGGER, DOWNSTREAM
leapseconds, spice, historical, hi, l2, h90-ena-h-hf-nsp-full-hae-6deg-3mo, HARD_NO_TRIGGER, DOWNSTREAM
leapseconds, spice, historical, hi, l2, h90-ena-h-sf-nsp-full-hae-6deg-6mo, HARD_NO_TRIGGER, DOWNSTREAM
leapseconds, spice, historical, hi, l2, h90-ena-h-hf-nsp-full-hae-6deg-6mo, HARD_NO_TRIGGER, DOWNSTREAM
leapseconds, spice, historical, hi, l2, h90-ena-h-sf-nsp-ram-hae-6deg-6mo, HARD_NO_TRIGGER, DOWNSTREAM
leapseconds, spice, historical, hi, l2, h90-ena-h-hf-nsp-ram-hae-6deg-6mo, HARD_NO_TRIGGER, DOWNSTREAM
leapseconds, spice, historical, hi, l2, h90-ena-h-sf-nsp-anti-hae-6deg-6mo, HARD_NO_TRIGGER, DOWNSTREAM
leapseconds, spice, historical, hi, l2, h90-ena-h-hf-nsp-anti-hae-6deg-6mo, HARD_NO_TRIGGER, DOWNSTREAM
leapseconds, spice, historical, hi, l2, h90-ena-h-sf-nsp-ram-hae-6deg-1yr, HARD_NO_TRIGGER, DOWNSTREAM
leapseconds, spice, historical, hi, l2, h90-ena-h-hf-nsp-ram-hae-6deg-1yr, HARD_NO_TRIGGER, DOWNSTREAM
leapseconds, spice, historical, hi, l2, h90-ena-h-sf-nsp-anti-hae-6deg-1yr, HARD_NO_TRIGGER, DOWNSTREAM
leapseconds, spice, historical, hi, l2, h90-ena-h-hf-nsp-anti-hae-6deg-1yr, HARD_NO_TRIGGER, DOWNSTREAM
leapseconds, spice, historical, hi, l2, h90-ena-h-sf-nsp-full-hae-4deg-3mo, HARD_NO_TRIGGER, DOWNSTREAM
leapseconds, spice, historical, hi, l2, h90-ena-h-hf-nsp-full-hae-4deg-3mo, HARD_NO_TRIGGER, DOWNSTREAM
leapseconds, spice, historical, hi, l2, h90-ena-h-sf-nsp-full-hae-4deg-6mo, HARD_NO_TRIGGER, DOWNSTREAM
leapseconds, spice, historical, hi, l2, h90-ena-h-hf-nsp-full-hae-4deg-6mo, HARD_NO_TRIGGER, DOWNSTREAM
leapseconds, spice, historical, hi, l2, h90-ena-h-sf-nsp-ram-hae-4deg-6mo, HARD_NO_TRIGGER, DOWNSTREAM
leapseconds, spice, historical, hi, l2, h90-ena-h-hf-nsp-ram-hae-4deg-6mo, HARD_NO_TRIGGER, DOWNSTREAM
leapseconds, spice, historical, hi, l2, h90-ena-h-sf-nsp-anti-hae-4deg-6mo, HARD_NO_TRIGGER, DOWNSTREAM
leapseconds, spice, historical, hi, l2, h90-ena-h-hf-nsp-anti-hae-4deg-6mo, HARD_NO_TRIGGER, DOWNSTREAM
leapseconds, spice, historical, hi, l2, h90-ena-h-sf-nsp-ram-hae-4deg-1yr, HARD_NO_TRIGGER, DOWNSTREAM
leapseconds, spice, historical, hi, l2, h90-ena-h-hf-nsp-ram-hae-4deg-1yr, HARD_NO_TRIGGER, DOWNSTREAM
leapseconds, spice, historical, hi, l2, h90-ena-h-sf-nsp-anti-hae-4deg-1yr, HARD_NO_TRIGGER, DOWNSTREAM
leapseconds, spice, historical, hi, l2, h90-ena-h-hf-nsp-anti-hae-4deg-1yr, HARD_NO_TRIGGER, DOWNSTREAM
# Science Frames
science_frames, spice, historical, hi, l2, h90-ena-h-sf-nsp-full-hae-6deg-3mo, HARD_NO_TRIGGER, DOWNSTREAM
science_frames, spice, historical, hi, l2, h90-ena-h-hf-nsp-full-hae-6deg-3mo, HARD_NO_TRIGGER, DOWNSTREAM
science_frames, spice, historical, hi, l2, h90-ena-h-sf-nsp-full-hae-6deg-6mo, HARD_NO_TRIGGER, DOWNSTREAM
science_frames, spice, historical, hi, l2, h90-ena-h-hf-nsp-full-hae-6deg-6mo, HARD_NO_TRIGGER, DOWNSTREAM
science_frames, spice, historical, hi, l2, h90-ena-h-sf-nsp-ram-hae-6deg-6mo, HARD_NO_TRIGGER, DOWNSTREAM
science_frames, spice, historical, hi, l2, h90-ena-h-hf-nsp-ram-hae-6deg-6mo, HARD_NO_TRIGGER, DOWNSTREAM
science_frames, spice, historical, hi, l2, h90-ena-h-sf-nsp-anti-hae-6deg-6mo, HARD_NO_TRIGGER, DOWNSTREAM
science_frames, spice, historical, hi, l2, h90-ena-h-hf-nsp-anti-hae-6deg-6mo, HARD_NO_TRIGGER, DOWNSTREAM
science_frames, spice, historical, hi, l2, h90-ena-h-sf-nsp-ram-hae-6deg-1yr, HARD_NO_TRIGGER, DOWNSTREAM
science_frames, spice, historical, hi, l2, h90-ena-h-hf-nsp-ram-hae-6deg-1yr, HARD_NO_TRIGGER, DOWNSTREAM
science_frames, spice, historical, hi, l2, h90-ena-h-sf-nsp-anti-hae-6deg-1yr, HARD_NO_TRIGGER, DOWNSTREAM
science_frames, spice, historical, hi, l2, h90-ena-h-hf-nsp-anti-hae-6deg-1yr, HARD_NO_TRIGGER, DOWNSTREAM
science_frames, spice, historical, hi, l2, h90-ena-h-sf-nsp-full-hae-4deg-3mo, HARD_NO_TRIGGER, DOWNSTREAM
science_frames, spice, historical, hi, l2, h90-ena-h-hf-nsp-full-hae-4deg-3mo, HARD_NO_TRIGGER, DOWNSTREAM
science_frames, spice, historical, hi, l2, h90-ena-h-sf-nsp-full-hae-4deg-6mo, HARD_NO_TRIGGER, DOWNSTREAM
science_frames, spice, historical, hi, l2, h90-ena-h-hf-nsp-full-hae-4deg-6mo, HARD_NO_TRIGGER, DOWNSTREAM
science_frames, spice, historical, hi, l2, h90-ena-h-sf-nsp-ram-hae-4deg-6mo, HARD_NO_TRIGGER, DOWNSTREAM
science_frames, spice, historical, hi, l2, h90-ena-h-hf-nsp-ram-hae-4deg-6mo, HARD_NO_TRIGGER, DOWNSTREAM
science_frames, spice, historical, hi, l2, h90-ena-h-sf-nsp-anti-hae-4deg-6mo, HARD_NO_TRIGGER, DOWNSTREAM
science_frames, spice, historical, hi, l2, h90-ena-h-hf-nsp-anti-hae-4deg-6mo, HARD_NO_TRIGGER, DOWNSTREAM
science_frames, spice, historical, hi, l2, h90-ena-h-sf-nsp-ram-hae-4deg-1yr, HARD_NO_TRIGGER, DOWNSTREAM
science_frames, spice, historical, hi, l2, h90-ena-h-hf-nsp-ram-hae-4deg-1yr, HARD_NO_TRIGGER, DOWNSTREAM
science_frames, spice, historical, hi, l2, h90-ena-h-sf-nsp-anti-hae-4deg-1yr, HARD_NO_TRIGGER, DOWNSTREAM
science_frames, spice, historical, hi, l2, h90-ena-h-hf-nsp-anti-hae-4deg-1yr, HARD_NO_TRIGGER, DOWNSTREAM
# Planetary ephemeris
planetary_ephemeris, spice, historical, hi, l2, h90-ena-h-sf-nsp-full-hae-6deg-3mo, HARD_NO_TRIGGER, DOWNSTREAM
planetary_ephemeris, spice, historical, hi, l2, h90-ena-h-hf-nsp-full-hae-6deg-3mo, HARD_NO_TRIGGER, DOWNSTREAM
planetary_ephemeris, spice, historical, hi, l2, h90-ena-h-sf-nsp-full-hae-6deg-6mo, HARD_NO_TRIGGER, DOWNSTREAM
planetary_ephemeris, spice, historical, hi, l2, h90-ena-h-hf-nsp-full-hae-6deg-6mo, HARD_NO_TRIGGER, DOWNSTREAM
planetary_ephemeris, spice, historical, hi, l2, h90-ena-h-sf-nsp-ram-hae-6deg-6mo, HARD_NO_TRIGGER, DOWNSTREAM
planetary_ephemeris, spice, historical, hi, l2, h90-ena-h-hf-nsp-ram-hae-6deg-6mo, HARD_NO_TRIGGER, DOWNSTREAM
planetary_ephemeris, spice, historical, hi, l2, h90-ena-h-sf-nsp-anti-hae-6deg-6mo, HARD_NO_TRIGGER, DOWNSTREAM
planetary_ephemeris, spice, historical, hi, l2, h90-ena-h-hf-nsp-anti-hae-6deg-6mo, HARD_NO_TRIGGER, DOWNSTREAM
planetary_ephemeris, spice, historical, hi, l2, h90-ena-h-sf-nsp-ram-hae-6deg-1yr, HARD_NO_TRIGGER, DOWNSTREAM
planetary_ephemeris, spice, historical, hi, l2, h90-ena-h-hf-nsp-ram-hae-6deg-1yr, HARD_NO_TRIGGER, DOWNSTREAM
planetary_ephemeris, spice, historical, hi, l2, h90-ena-h-sf-nsp-anti-hae-6deg-1yr, HARD_NO_TRIGGER, DOWNSTREAM
planetary_ephemeris, spice, historical, hi, l2, h90-ena-h-hf-nsp-anti-hae-6deg-1yr, HARD_NO_TRIGGER, DOWNSTREAM
planetary_ephemeris, spice, historical, hi, l2, h90-ena-h-sf-nsp-full-hae-4deg-3mo, HARD_NO_TRIGGER, DOWNSTREAM
planetary_ephemeris, spice, historical, hi, l2, h90-ena-h-hf-nsp-full-hae-4deg-3mo, HARD_NO_TRIGGER, DOWNSTREAM
planetary_ephemeris, spice, historical, hi, l2, h90-ena-h-sf-nsp-full-hae-4deg-6mo, HARD_NO_TRIGGER, DOWNSTREAM
planetary_ephemeris, spice, historical, hi, l2, h90-ena-h-hf-nsp-full-hae-4deg-6mo, HARD_NO_TRIGGER, DOWNSTREAM
planetary_ephemeris, spice, historical, hi, l2, h90-ena-h-sf-nsp-ram-hae-4deg-6mo, HARD_NO_TRIGGER, DOWNSTREAM
planetary_ephemeris, spice, historical, hi, l2, h90-ena-h-hf-nsp-ram-hae-4deg-6mo, HARD_NO_TRIGGER, DOWNSTREAM
planetary_ephemeris, spice, historical, hi, l2, h90-ena-h-sf-nsp-anti-hae-4deg-6mo, HARD_NO_TRIGGER, DOWNSTREAM
planetary_ephemeris, spice, historical, hi, l2, h90-ena-h-hf-nsp-anti-hae-4deg-6mo, HARD_NO_TRIGGER, DOWNSTREAM
planetary_ephemeris, spice, historical, hi, l2, h90-ena-h-sf-nsp-ram-hae-4deg-1yr, HARD_NO_TRIGGER, DOWNSTREAM
planetary_ephemeris, spice, historical, hi, l2, h90-ena-h-hf-nsp-ram-hae-4deg-1yr, HARD_NO_TRIGGER, DOWNSTREAM
planetary_ephemeris, spice, historical, hi, l2, h90-ena-h-sf-nsp-anti-hae-4deg-1yr, HARD_NO_TRIGGER, DOWNSTREAM
planetary_ephemeris, spice, historical, hi, l2, h90-ena-h-hf-nsp-anti-hae-4deg-1yr, HARD_NO_TRIGGER, DOWNSTREAM
# ephemeris_reconstructed
ephemeris_reconstructed, spice, historical, hi, l2, h90-ena-h-sf-nsp-full-hae-6deg-3mo, HARD_NO_TRIGGER, DOWNSTREAM
ephemeris_reconstructed, spice, historical, hi, l2, h90-ena-h-hf-nsp-full-hae-6deg-3mo, HARD_NO_TRIGGER, DOWNSTREAM
ephemeris_reconstructed, spice, historical, hi, l2, h90-ena-h-sf-nsp-full-hae-6deg-6mo, HARD_NO_TRIGGER, DOWNSTREAM
ephemeris_reconstructed, spice, historical, hi, l2, h90-ena-h-hf-nsp-full-hae-6deg-6mo, HARD_NO_TRIGGER, DOWNSTREAM
ephemeris_reconstructed, spice, historical, hi, l2, h90-ena-h-sf-nsp-ram-hae-6deg-6mo, HARD_NO_TRIGGER, DOWNSTREAM
ephemeris_reconstructed, spice, historical, hi, l2, h90-ena-h-hf-nsp-ram-hae-6deg-6mo, HARD_NO_TRIGGER, DOWNSTREAM
ephemeris_reconstructed, spice, historical, hi, l2, h90-ena-h-sf-nsp-anti-hae-6deg-6mo, HARD_NO_TRIGGER, DOWNSTREAM
ephemeris_reconstructed, spice, historical, hi, l2, h90-ena-h-hf-nsp-anti-hae-6deg-6mo, HARD_NO_TRIGGER, DOWNSTREAM
ephemeris_reconstructed, spice, historical, hi, l2, h90-ena-h-sf-nsp-ram-hae-6deg-1yr, HARD_NO_TRIGGER, DOWNSTREAM
ephemeris_reconstructed, spice, historical, hi, l2, h90-ena-h-hf-nsp-ram-hae-6deg-1yr, HARD_NO_TRIGGER, DOWNSTREAM
ephemeris_reconstructed, spice, historical, hi, l2, h90-ena-h-sf-nsp-anti-hae-6deg-1yr, HARD_NO_TRIGGER, DOWNSTREAM
ephemeris_reconstructed, spice, historical, hi, l2, h90-ena-h-hf-nsp-anti-hae-6deg-1yr, HARD_NO_TRIGGER, DOWNSTREAM
ephemeris_reconstructed, spice, historical, hi, l2, h90-ena-h-sf-nsp-full-hae-4deg-3mo, HARD_NO_TRIGGER, DOWNSTREAM
ephemeris_reconstructed, spice, historical, hi, l2, h90-ena-h-hf-nsp-full-hae-4deg-3mo, HARD_NO_TRIGGER, DOWNSTREAM
ephemeris_reconstructed, spice, historical, hi, l2, h90-ena-h-sf-nsp-full-hae-4deg-6mo, HARD_NO_TRIGGER, DOWNSTREAM
ephemeris_reconstructed, spice, historical, hi, l2, h90-ena-h-hf-nsp-full-hae-4deg-6mo, HARD_NO_TRIGGER, DOWNSTREAM
ephemeris_reconstructed, spice, historical, hi, l2, h90-ena-h-sf-nsp-ram-hae-4deg-6mo, HARD_NO_TRIGGER, DOWNSTREAM
ephemeris_reconstructed, spice, historical, hi, l2, h90-ena-h-hf-nsp-ram-hae-4deg-6mo, HARD_NO_TRIGGER, DOWNSTREAM
ephemeris_reconstructed, spice, historical, hi, l2, h90-ena-h-sf-nsp-anti-hae-4deg-6mo, HARD_NO_TRIGGER, DOWNSTREAM
ephemeris_reconstructed, spice, historical, hi, l2, h90-ena-h-hf-nsp-anti-hae-4deg-6mo, HARD_NO_TRIGGER, DOWNSTREAM
ephemeris_reconstructed, spice, historical, hi, l2, h90-ena-h-sf-nsp-ram-hae-4deg-1yr, HARD_NO_TRIGGER, DOWNSTREAM
ephemeris_reconstructed, spice, historical, hi, l2, h90-ena-h-hf-nsp-ram-hae-4deg-1yr, HARD_NO_TRIGGER, DOWNSTREAM
ephemeris_reconstructed, spice, historical, hi, l2, h90-ena-h-sf-nsp-anti-hae-4deg-1yr, HARD_NO_TRIGGER, DOWNSTREAM
ephemeris_reconstructed, spice, historical, hi, l2, h90-ena-h-hf-nsp-anti-hae-4deg-1yr, HARD_NO_TRIGGER, DOWNSTREAM
# ancillary - cal-prod
hi, ancillary, 90sensor-cal-prod, hi, l2, h90-ena-h-sf-nsp-full-hae-6deg-3mo, HARD, DOWNSTREAM
hi, ancillary, 90sensor-cal-prod, hi, l2, h90-ena-h-hf-nsp-full-hae-6deg-3mo, HARD, DOWNSTREAM
hi, ancillary, 90sensor-cal-prod, hi, l2, h90-ena-h-sf-nsp-full-hae-6deg-6mo, HARD, DOWNSTREAM
hi, ancillary, 90sensor-cal-prod, hi, l2, h90-ena-h-hf-nsp-full-hae-6deg-6mo, HARD, DOWNSTREAM
hi, ancillary, 90sensor-cal-prod, hi, l2, h90-ena-h-sf-nsp-ram-hae-6deg-6mo, HARD, DOWNSTREAM
hi, ancillary, 90sensor-cal-prod, hi, l2, h90-ena-h-hf-nsp-ram-hae-6deg-6mo, HARD, DOWNSTREAM
hi, ancillary, 90sensor-cal-prod, hi, l2, h90-ena-h-sf-nsp-anti-hae-6deg-6mo, HARD, DOWNSTREAM
hi, ancillary, 90sensor-cal-prod, hi, l2, h90-ena-h-hf-nsp-anti-hae-6deg-6mo, HARD, DOWNSTREAM
hi, ancillary, 90sensor-cal-prod, hi, l2, h90-ena-h-sf-nsp-ram-hae-6deg-1yr, HARD, DOWNSTREAM
hi, ancillary, 90sensor-cal-prod, hi, l2, h90-ena-h-hf-nsp-ram-hae-6deg-1yr, HARD, DOWNSTREAM
hi, ancillary, 90sensor-cal-prod, hi, l2, h90-ena-h-sf-nsp-anti-hae-6deg-1yr, HARD, DOWNSTREAM
hi, ancillary, 90sensor-cal-prod, hi, l2, h90-ena-h-hf-nsp-anti-hae-6deg-1yr, HARD, DOWNSTREAM
hi, ancillary, 90sensor-cal-prod, hi, l2, h90-ena-h-sf-nsp-full-hae-4deg-3mo, HARD, DOWNSTREAM
hi, ancillary, 90sensor-cal-prod, hi, l2, h90-ena-h-hf-nsp-full-hae-4deg-3mo, HARD, DOWNSTREAM
hi, ancillary, 90sensor-cal-prod, hi, l2, h90-ena-h-sf-nsp-full-hae-4deg-6mo, HARD, DOWNSTREAM
hi, ancillary, 90sensor-cal-prod, hi, l2, h90-ena-h-hf-nsp-full-hae-4deg-6mo, HARD, DOWNSTREAM
hi, ancillary, 90sensor-cal-prod, hi, l2, h90-ena-h-sf-nsp-ram-hae-4deg-6mo, HARD, DOWNSTREAM
hi, ancillary, 90sensor-cal-prod, hi, l2, h90-ena-h-hf-nsp-ram-hae-4deg-6mo, HARD, DOWNSTREAM
hi, ancillary, 90sensor-cal-prod, hi, l2, h90-ena-h-sf-nsp-anti-hae-4deg-6mo, HARD, DOWNSTREAM
hi, ancillary, 90sensor-cal-prod, hi, l2, h90-ena-h-hf-nsp-anti-hae-4deg-6mo, HARD, DOWNSTREAM
hi, ancillary, 90sensor-cal-prod, hi, l2, h90-ena-h-sf-nsp-ram-hae-4deg-1yr, HARD, DOWNSTREAM
hi, ancillary, 90sensor-cal-prod, hi, l2, h90-ena-h-hf-nsp-ram-hae-4deg-1yr, HARD, DOWNSTREAM
hi, ancillary, 90sensor-cal-prod, hi, l2, h90-ena-h-sf-nsp-anti-hae-4deg-1yr, HARD, DOWNSTREAM
hi, ancillary, 90sensor-cal-prod, hi, l2, h90-ena-h-hf-nsp-anti-hae-4deg-1yr, HARD, DOWNSTREAM
# ancillary - esa-energies
hi, ancillary, 90sensor-esa-energies, hi, l2, h90-ena-h-sf-nsp-full-hae-6deg-3mo, HARD, DOWNSTREAM
hi, ancillary, 90sensor-esa-energies, hi, l2, h90-ena-h-hf-nsp-full-hae-6deg-3mo, HARD, DOWNSTREAM
hi, ancillary, 90sensor-esa-energies, hi, l2, h90-ena-h-sf-nsp-full-hae-6deg-6mo, HARD, DOWNSTREAM
hi, ancillary, 90sensor-esa-energies, hi, l2, h90-ena-h-hf-nsp-full-hae-6deg-6mo, HARD, DOWNSTREAM
hi, ancillary, 90sensor-esa-energies, hi, l2, h90-ena-h-sf-nsp-ram-hae-6deg-6mo, HARD, DOWNSTREAM
hi, ancillary, 90sensor-esa-energies, hi, l2, h90-ena-h-hf-nsp-ram-hae-6deg-6mo, HARD, DOWNSTREAM
hi, ancillary, 90sensor-esa-energies, hi, l2, h90-ena-h-sf-nsp-anti-hae-6deg-6mo, HARD, DOWNSTREAM
hi, ancillary, 90sensor-esa-energies, hi, l2, h90-ena-h-hf-nsp-anti-hae-6deg-6mo, HARD, DOWNSTREAM
hi, ancillary, 90sensor-esa-energies, hi, l2, h90-ena-h-sf-nsp-ram-hae-6deg-1yr, HARD, DOWNSTREAM
hi, ancillary, 90sensor-esa-energies, hi, l2, h90-ena-h-hf-nsp-ram-hae-6deg-1yr, HARD, DOWNSTREAM
hi, ancillary, 90sensor-esa-energies, hi, l2, h90-ena-h-sf-nsp-anti-hae-6deg-1yr, HARD, DOWNSTREAM
hi, ancillary, 90sensor-esa-energies, hi, l2, h90-ena-h-hf-nsp-anti-hae-6deg-1yr, HARD, DOWNSTREAM
hi, ancillary, 90sensor-esa-energies, hi, l2, h90-ena-h-sf-nsp-full-hae-4deg-3mo, HARD, DOWNSTREAM
hi, ancillary, 90sensor-esa-energies, hi, l2, h90-ena-h-hf-nsp-full-hae-4deg-3mo, HARD, DOWNSTREAM
hi, ancillary, 90sensor-esa-energies, hi, l2, h90-ena-h-sf-nsp-full-hae-4deg-6mo, HARD, DOWNSTREAM
hi, ancillary, 90sensor-esa-energies, hi, l2, h90-ena-h-hf-nsp-full-hae-4deg-6mo, HARD, DOWNSTREAM
hi, ancillary, 90sensor-esa-energies, hi, l2, h90-ena-h-sf-nsp-ram-hae-4deg-6mo, HARD, DOWNSTREAM
hi, ancillary, 90sensor-esa-energies, hi, l2, h90-ena-h-hf-nsp-ram-hae-4deg-6mo, HARD, DOWNSTREAM
hi, ancillary, 90sensor-esa-energies, hi, l2, h90-ena-h-sf-nsp-anti-hae-4deg-6mo, HARD, DOWNSTREAM
hi, ancillary, 90sensor-esa-energies, hi, l2, h90-ena-h-hf-nsp-anti-hae-4deg-6mo, HARD, DOWNSTREAM
hi, ancillary, 90sensor-esa-energies, hi, l2, h90-ena-h-sf-nsp-ram-hae-4deg-1yr, HARD, DOWNSTREAM
hi, ancillary, 90sensor-esa-energies, hi, l2, h90-ena-h-hf-nsp-ram-hae-4deg-1yr, HARD, DOWNSTREAM
hi, ancillary, 90sensor-esa-energies, hi, l2, h90-ena-h-sf-nsp-anti-hae-4deg-1yr, HARD, DOWNSTREAM
hi, ancillary, 90sensor-esa-energies, hi, l2, h90-ena-h-hf-nsp-anti-hae-4deg-1yr, HARD, DOWNSTREAM
# ancillary - esa-eta-fit-factors
hi, ancillary, 90sensor-esa-eta-fit-factors, hi, l2, h90-ena-h-sf-nsp-full-hae-6deg-3mo, HARD, DOWNSTREAM
hi, ancillary, 90sensor-esa-eta-fit-factors, hi, l2, h90-ena-h-hf-nsp-full-hae-6deg-3mo, HARD, DOWNSTREAM
hi, ancillary, 90sensor-esa-eta-fit-factors, hi, l2, h90-ena-h-sf-nsp-full-hae-6deg-6mo, HARD, DOWNSTREAM
hi, ancillary, 90sensor-esa-eta-fit-factors, hi, l2, h90-ena-h-hf-nsp-full-hae-6deg-6mo, HARD, DOWNSTREAM
hi, ancillary, 90sensor-esa-eta-fit-factors, hi, l2, h90-ena-h-sf-nsp-ram-hae-6deg-6mo, HARD, DOWNSTREAM
hi, ancillary, 90sensor-esa-eta-fit-factors, hi, l2, h90-ena-h-hf-nsp-ram-hae-6deg-6mo, HARD, DOWNSTREAM
hi, ancillary, 90sensor-esa-eta-fit-factors, hi, l2, h90-ena-h-sf-nsp-anti-hae-6deg-6mo, HARD, DOWNSTREAM
hi, ancillary, 90sensor-esa-eta-fit-factors, hi, l2, h90-ena-h-hf-nsp-anti-hae-6deg-6mo, HARD, DOWNSTREAM
hi, ancillary, 90sensor-esa-eta-fit-factors, hi, l2, h90-ena-h-sf-nsp-ram-hae-6deg-1yr, HARD, DOWNSTREAM
hi, ancillary, 90sensor-esa-eta-fit-factors, hi, l2, h90-ena-h-hf-nsp-ram-hae-6deg-1yr, HARD, DOWNSTREAM
hi, ancillary, 90sensor-esa-eta-fit-factors, hi, l2, h90-ena-h-sf-nsp-anti-hae-6deg-1yr, HARD, DOWNSTREAM
hi, ancillary, 90sensor-esa-eta-fit-factors, hi, l2, h90-ena-h-hf-nsp-anti-hae-6deg-1yr, HARD, DOWNSTREAM
hi, ancillary, 90sensor-esa-eta-fit-factors, hi, l2, h90-ena-h-sf-nsp-full-hae-4deg-3mo, HARD, DOWNSTREAM
hi, ancillary, 90sensor-esa-eta-fit-factors, hi, l2, h90-ena-h-hf-nsp-full-hae-4deg-3mo, HARD, DOWNSTREAM
hi, ancillary, 90sensor-esa-eta-fit-factors, hi, l2, h90-ena-h-sf-nsp-full-hae-4deg-6mo, HARD, DOWNSTREAM
hi, ancillary, 90sensor-esa-eta-fit-factors, hi, l2, h90-ena-h-hf-nsp-full-hae-4deg-6mo, HARD, DOWNSTREAM
hi, ancillary, 90sensor-esa-eta-fit-factors, hi, l2, h90-ena-h-sf-nsp-ram-hae-4deg-6mo, HARD, DOWNSTREAM
hi, ancillary, 90sensor-esa-eta-fit-factors, hi, l2, h90-ena-h-hf-nsp-ram-hae-4deg-6mo, HARD, DOWNSTREAM
hi, ancillary, 90sensor-esa-eta-fit-factors, hi, l2, h90-ena-h-sf-nsp-anti-hae-4deg-6mo, HARD, DOWNSTREAM
hi, ancillary, 90sensor-esa-eta-fit-factors, hi, l2, h90-ena-h-hf-nsp-anti-hae-4deg-6mo, HARD, DOWNSTREAM
hi, ancillary, 90sensor-esa-eta-fit-factors, hi, l2, h90-ena-h-sf-nsp-ram-hae-4deg-1yr, HARD, DOWNSTREAM
hi, ancillary, 90sensor-esa-eta-fit-factors, hi, l2, h90-ena-h-hf-nsp-ram-hae-4deg-1yr, HARD, DOWNSTREAM
hi, ancillary, 90sensor-esa-eta-fit-factors, hi, l2, h90-ena-h-sf-nsp-anti-hae-4deg-1yr, HARD, DOWNSTREAM
hi, ancillary, 90sensor-esa-eta-fit-factors, hi, l2, h90-ena-h-hf-nsp-anti-hae-4deg-1yr, HARD, DOWNSTREAM
# L1C PSET
hi, l1c, 90sensor-pset, hi, l2, h90-ena-h-sf-nsp-full-hae-6deg-3mo, HARD_NO_TRIGGER, DOWNSTREAM
hi, l1c, 90sensor-pset, hi, l2, h90-ena-h-hf-nsp-full-hae-6deg-3mo, HARD_NO_TRIGGER, DOWNSTREAM
hi, l1c, 90sensor-pset, hi, l2, h90-ena-h-sf-nsp-full-hae-6deg-6mo, HARD_NO_TRIGGER, DOWNSTREAM
hi, l1c, 90sensor-pset, hi, l2, h90-ena-h-hf-nsp-full-hae-6deg-6mo, HARD_NO_TRIGGER, DOWNSTREAM
hi, l1c, 90sensor-pset, hi, l2, h90-ena-h-sf-nsp-ram-hae-6deg-6mo, HARD_NO_TRIGGER, DOWNSTREAM
hi, l1c, 90sensor-pset, hi, l2, h90-ena-h-hf-nsp-ram-hae-6deg-6mo, HARD_NO_TRIGGER, DOWNSTREAM
hi, l1c, 90sensor-pset, hi, l2, h90-ena-h-sf-nsp-anti-hae-6deg-6mo, HARD_NO_TRIGGER, DOWNSTREAM
hi, l1c, 90sensor-pset, hi, l2, h90-ena-h-hf-nsp-anti-hae-6deg-6mo, HARD_NO_TRIGGER, DOWNSTREAM
hi, l1c, 90sensor-pset, hi, l2, h90-ena-h-sf-nsp-ram-hae-6deg-1yr, HARD_NO_TRIGGER, DOWNSTREAM
hi, l1c, 90sensor-pset, hi, l2, h90-ena-h-hf-nsp-ram-hae-6deg-1yr, HARD_NO_TRIGGER, DOWNSTREAM
hi, l1c, 90sensor-pset, hi, l2, h90-ena-h-sf-nsp-anti-hae-6deg-1yr, HARD_NO_TRIGGER, DOWNSTREAM
hi, l1c, 90sensor-pset, hi, l2, h90-ena-h-hf-nsp-anti-hae-6deg-1yr, HARD_NO_TRIGGER, DOWNSTREAM
hi, l1c, 90sensor-pset, hi, l2, h90-ena-h-sf-nsp-full-hae-4deg-3mo, HARD_NO_TRIGGER, DOWNSTREAM
hi, l1c, 90sensor-pset, hi, l2, h90-ena-h-hf-nsp-full-hae-4deg-3mo, HARD_NO_TRIGGER, DOWNSTREAM
hi, l1c, 90sensor-pset, hi, l2, h90-ena-h-sf-nsp-full-hae-4deg-6mo, HARD_NO_TRIGGER, DOWNSTREAM
hi, l1c, 90sensor-pset, hi, l2, h90-ena-h-hf-nsp-full-hae-4deg-6mo, HARD_NO_TRIGGER, DOWNSTREAM
hi, l1c, 90sensor-pset, hi, l2, h90-ena-h-sf-nsp-ram-hae-4deg-6mo, HARD_NO_TRIGGER, DOWNSTREAM
hi, l1c, 90sensor-pset, hi, l2, h90-ena-h-hf-nsp-ram-hae-4deg-6mo, HARD_NO_TRIGGER, DOWNSTREAM
hi, l1c, 90sensor-pset, hi, l2, h90-ena-h-sf-nsp-anti-hae-4deg-6mo, HARD_NO_TRIGGER, DOWNSTREAM
hi, l1c, 90sensor-pset, hi, l2, h90-ena-h-hf-nsp-anti-hae-4deg-6mo, HARD_NO_TRIGGER, DOWNSTREAM
hi, l1c, 90sensor-pset, hi, l2, h90-ena-h-sf-nsp-ram-hae-4deg-1yr, HARD_NO_TRIGGER, DOWNSTREAM
hi, l1c, 90sensor-pset, hi, l2, h90-ena-h-hf-nsp-ram-hae-4deg-1yr, HARD_NO_TRIGGER, DOWNSTREAM
hi, l1c, 90sensor-pset, hi, l2, h90-ena-h-sf-nsp-anti-hae-4deg-1yr, HARD_NO_TRIGGER, DOWNSTREAM
hi, l1c, 90sensor-pset, hi, l2, h90-ena-h-hf-nsp-anti-hae-4deg-1yr, HARD_NO_TRIGGER, DOWNSTREAM

# Hi-45 L2
# leapseconds
leapseconds, spice, historical, hi, l2, h45-ena-h-sf-nsp-full-hae-6deg-3mo, HARD_NO_TRIGGER, DOWNSTREAM
leapseconds, spice, historical, hi, l2, h45-ena-h-hf-nsp-full-hae-6deg-3mo, HARD_NO_TRIGGER, DOWNSTREAM
leapseconds, spice, historical, hi, l2, h45-ena-h-sf-nsp-full-hae-6deg-6mo, HARD_NO_TRIGGER, DOWNSTREAM
leapseconds, spice, historical, hi, l2, h45-ena-h-hf-nsp-full-hae-6deg-6mo, HARD_NO_TRIGGER, DOWNSTREAM
leapseconds, spice, historical, hi, l2, h45-ena-h-sf-nsp-ram-hae-6deg-6mo, HARD_NO_TRIGGER, DOWNSTREAM
leapseconds, spice, historical, hi, l2, h45-ena-h-hf-nsp-ram-hae-6deg-6mo, HARD_NO_TRIGGER, DOWNSTREAM
leapseconds, spice, historical, hi, l2, h45-ena-h-sf-nsp-anti-hae-6deg-6mo, HARD_NO_TRIGGER, DOWNSTREAM
leapseconds, spice, historical, hi, l2, h45-ena-h-hf-nsp-anti-hae-6deg-6mo, HARD_NO_TRIGGER, DOWNSTREAM
leapseconds, spice, historical, hi, l2, h45-ena-h-sf-nsp-ram-hae-6deg-1yr, HARD_NO_TRIGGER, DOWNSTREAM
leapseconds, spice, historical, hi, l2, h45-ena-h-hf-nsp-ram-hae-6deg-1yr, HARD_NO_TRIGGER, DOWNSTREAM
leapseconds, spice, historical, hi, l2, h45-ena-h-sf-nsp-anti-hae-6deg-1yr, HARD_NO_TRIGGER, DOWNSTREAM
leapseconds, spice, historical, hi, l2, h45-ena-h-hf-nsp-anti-hae-6deg-1yr, HARD_NO_TRIGGER, DOWNSTREAM
leapseconds, spice, historical, hi, l2, h45-ena-h-sf-nsp-full-hae-4deg-3mo, HARD_NO_TRIGGER, DOWNSTREAM
leapseconds, spice, historical, hi, l2, h45-ena-h-hf-nsp-full-hae-4deg-3mo, HARD_NO_TRIGGER, DOWNSTREAM
leapseconds, spice, historical, hi, l2, h45-ena-h-sf-nsp-full-hae-4deg-6mo, HARD_NO_TRIGGER, DOWNSTREAM
leapseconds, spice, historical, hi, l2, h45-ena-h-hf-nsp-full-hae-4deg-6mo, HARD_NO_TRIGGER, DOWNSTREAM
leapseconds, spice, historical, hi, l2, h45-ena-h-sf-nsp-ram-hae-4deg-6mo, HARD_NO_TRIGGER, DOWNSTREAM
leapseconds, spice, historical, hi, l2, h45-ena-h-hf-nsp-ram-hae-4deg-6mo, HARD_NO_TRIGGER, DOWNSTREAM
leapseconds, spice, historical, hi, l2, h45-ena-h-sf-nsp-anti-hae-4deg-6mo, HARD_NO_TRIGGER, DOWNSTREAM
leapseconds, spice, historical, hi, l2, h45-ena-h-hf-nsp-anti-hae-4deg-6mo, HARD_NO_TRIGGER, DOWNSTREAM
leapseconds, spice, historical, hi, l2, h45-ena-h-sf-nsp-ram-hae-4deg-1yr, HARD_NO_TRIGGER, DOWNSTREAM
leapseconds, spice, historical, hi, l2, h45-ena-h-hf-nsp-ram-hae-4deg-1yr, HARD_NO_TRIGGER, DOWNSTREAM
leapseconds, spice, historical, hi, l2, h45-ena-h-sf-nsp-anti-hae-4deg-1yr, HARD_NO_TRIGGER, DOWNSTREAM
leapseconds, spice, historical, hi, l2, h45-ena-h-hf-nsp-anti-hae-4deg-1yr, HARD_NO_TRIGGER, DOWNSTREAM
# Science frames
science_frames, spice, historical, hi, l2, h45-ena-h-sf-nsp-full-hae-6deg-3mo, HARD_NO_TRIGGER, DOWNSTREAM
science_frames, spice, historical, hi, l2, h45-ena-h-hf-nsp-full-hae-6deg-3mo, HARD_NO_TRIGGER, DOWNSTREAM
science_frames, spice, historical, hi, l2, h45-ena-h-sf-nsp-full-hae-6deg-6mo, HARD_NO_TRIGGER, DOWNSTREAM
science_frames, spice, historical, hi, l2, h45-ena-h-hf-nsp-full-hae-6deg-6mo, HARD_NO_TRIGGER, DOWNSTREAM
science_frames, spice, historical, hi, l2, h45-ena-h-sf-nsp-ram-hae-6deg-6mo, HARD_NO_TRIGGER, DOWNSTREAM
science_frames, spice, historical, hi, l2, h45-ena-h-hf-nsp-ram-hae-6deg-6mo, HARD_NO_TRIGGER, DOWNSTREAM
science_frames, spice, historical, hi, l2, h45-ena-h-sf-nsp-anti-hae-6deg-6mo, HARD_NO_TRIGGER, DOWNSTREAM
science_frames, spice, historical, hi, l2, h45-ena-h-hf-nsp-anti-hae-6deg-6mo, HARD_NO_TRIGGER, DOWNSTREAM
science_frames, spice, historical, hi, l2, h45-ena-h-sf-nsp-ram-hae-6deg-1yr, HARD_NO_TRIGGER, DOWNSTREAM
science_frames, spice, historical, hi, l2, h45-ena-h-hf-nsp-ram-hae-6deg-1yr, HARD_NO_TRIGGER, DOWNSTREAM
science_frames, spice, historical, hi, l2, h45-ena-h-sf-nsp-anti-hae-6deg-1yr, HARD_NO_TRIGGER, DOWNSTREAM
science_frames, spice, historical, hi, l2, h45-ena-h-hf-nsp-anti-hae-6deg-1yr, HARD_NO_TRIGGER, DOWNSTREAM
science_frames, spice, historical, hi, l2, h45-ena-h-sf-nsp-full-hae-4deg-3mo, HARD_NO_TRIGGER, DOWNSTREAM
science_frames, spice, historical, hi, l2, h45-ena-h-hf-nsp-full-hae-4deg-3mo, HARD_NO_TRIGGER, DOWNSTREAM
science_frames, spice, historical, hi, l2, h45-ena-h-sf-nsp-full-hae-4deg-6mo, HARD_NO_TRIGGER, DOWNSTREAM
science_frames, spice, historical, hi, l2, h45-ena-h-hf-nsp-full-hae-4deg-6mo, HARD_NO_TRIGGER, DOWNSTREAM
science_frames, spice, historical, hi, l2, h45-ena-h-sf-nsp-ram-hae-4deg-6mo, HARD_NO_TRIGGER, DOWNSTREAM
science_frames, spice, historical, hi, l2, h45-ena-h-hf-nsp-ram-hae-4deg-6mo, HARD_NO_TRIGGER, DOWNSTREAM
science_frames, spice, historical, hi, l2, h45-ena-h-sf-nsp-anti-hae-4deg-6mo, HARD_NO_TRIGGER, DOWNSTREAM
science_frames, spice, historical, hi, l2, h45-ena-h-hf-nsp-anti-hae-4deg-6mo, HARD_NO_TRIGGER, DOWNSTREAM
science_frames, spice, historical, hi, l2, h45-ena-h-sf-nsp-ram-hae-4deg-1yr, HARD_NO_TRIGGER, DOWNSTREAM
science_frames, spice, historical, hi, l2, h45-ena-h-hf-nsp-ram-hae-4deg-1yr, HARD_NO_TRIGGER, DOWNSTREAM
science_frames, spice, historical, hi, l2, h45-ena-h-sf-nsp-anti-hae-4deg-1yr, HARD_NO_TRIGGER, DOWNSTREAM
science_frames, spice, historical, hi, l2, h45-ena-h-hf-nsp-anti-hae-4deg-1yr, HARD_NO_TRIGGER, DOWNSTREAM
# Planetary ephemeris
planetary_ephemeris, spice, historical, hi, l2, h45-ena-h-sf-nsp-full-hae-6deg-3mo, HARD_NO_TRIGGER, DOWNSTREAM
planetary_ephemeris, spice, historical, hi, l2, h45-ena-h-hf-nsp-full-hae-6deg-3mo, HARD_NO_TRIGGER, DOWNSTREAM
planetary_ephemeris, spice, historical, hi, l2, h45-ena-h-sf-nsp-full-hae-6deg-6mo, HARD_NO_TRIGGER, DOWNSTREAM
planetary_ephemeris, spice, historical, hi, l2, h45-ena-h-hf-nsp-full-hae-6deg-6mo, HARD_NO_TRIGGER, DOWNSTREAM
planetary_ephemeris, spice, historical, hi, l2, h45-ena-h-sf-nsp-ram-hae-6deg-6mo, HARD_NO_TRIGGER, DOWNSTREAM
planetary_ephemeris, spice, historical, hi, l2, h45-ena-h-hf-nsp-ram-hae-6deg-6mo, HARD_NO_TRIGGER, DOWNSTREAM
planetary_ephemeris, spice, historical, hi, l2, h45-ena-h-sf-nsp-anti-hae-6deg-6mo, HARD_NO_TRIGGER, DOWNSTREAM
planetary_ephemeris, spice, historical, hi, l2, h45-ena-h-hf-nsp-anti-hae-6deg-6mo, HARD_NO_TRIGGER, DOWNSTREAM
planetary_ephemeris, spice, historical, hi, l2, h45-ena-h-sf-nsp-ram-hae-6deg-1yr, HARD_NO_TRIGGER, DOWNSTREAM
planetary_ephemeris, spice, historical, hi, l2, h45-ena-h-hf-nsp-ram-hae-6deg-1yr, HARD_NO_TRIGGER, DOWNSTREAM
planetary_ephemeris, spice, historical, hi, l2, h45-ena-h-sf-nsp-anti-hae-6deg-1yr, HARD_NO_TRIGGER, DOWNSTREAM
planetary_ephemeris, spice, historical, hi, l2, h45-ena-h-hf-nsp-anti-hae-6deg-1yr, HARD_NO_TRIGGER, DOWNSTREAM
planetary_ephemeris, spice, historical, hi, l2, h45-ena-h-sf-nsp-full-hae-4deg-3mo, HARD_NO_TRIGGER, DOWNSTREAM
planetary_ephemeris, spice, historical, hi, l2, h45-ena-h-hf-nsp-full-hae-4deg-3mo, HARD_NO_TRIGGER, DOWNSTREAM
planetary_ephemeris, spice, historical, hi, l2, h45-ena-h-sf-nsp-full-hae-4deg-6mo, HARD_NO_TRIGGER, DOWNSTREAM
planetary_ephemeris, spice, historical, hi, l2, h45-ena-h-hf-nsp-full-hae-4deg-6mo, HARD_NO_TRIGGER, DOWNSTREAM
planetary_ephemeris, spice, historical, hi, l2, h45-ena-h-sf-nsp-ram-hae-4deg-6mo, HARD_NO_TRIGGER, DOWNSTREAM
planetary_ephemeris, spice, historical, hi, l2, h45-ena-h-hf-nsp-ram-hae-4deg-6mo, HARD_NO_TRIGGER, DOWNSTREAM
planetary_ephemeris, spice, historical, hi, l2, h45-ena-h-sf-nsp-anti-hae-4deg-6mo, HARD_NO_TRIGGER, DOWNSTREAM
planetary_ephemeris, spice, historical, hi, l2, h45-ena-h-hf-nsp-anti-hae-4deg-6mo, HARD_NO_TRIGGER, DOWNSTREAM
planetary_ephemeris, spice, historical, hi, l2, h45-ena-h-sf-nsp-ram-hae-4deg-1yr, HARD_NO_TRIGGER, DOWNSTREAM
planetary_ephemeris, spice, historical, hi, l2, h45-ena-h-hf-nsp-ram-hae-4deg-1yr, HARD_NO_TRIGGER, DOWNSTREAM
planetary_ephemeris, spice, historical, hi, l2, h45-ena-h-sf-nsp-anti-hae-4deg-1yr, HARD_NO_TRIGGER, DOWNSTREAM
planetary_ephemeris, spice, historical, hi, l2, h45-ena-h-hf-nsp-anti-hae-4deg-1yr, HARD_NO_TRIGGER, DOWNSTREAM
# ephemeris_reconstructed
ephemeris_reconstructed, spice, historical, hi, l2, h45-ena-h-sf-nsp-full-hae-6deg-3mo, HARD_NO_TRIGGER, DOWNSTREAM
ephemeris_reconstructed, spice, historical, hi, l2, h45-ena-h-hf-nsp-full-hae-6deg-3mo, HARD_NO_TRIGGER, DOWNSTREAM
ephemeris_reconstructed, spice, historical, hi, l2, h45-ena-h-sf-nsp-full-hae-6deg-6mo, HARD_NO_TRIGGER, DOWNSTREAM
ephemeris_reconstructed, spice, historical, hi, l2, h45-ena-h-hf-nsp-full-hae-6deg-6mo, HARD_NO_TRIGGER, DOWNSTREAM
ephemeris_reconstructed, spice, historical, hi, l2, h45-ena-h-sf-nsp-ram-hae-6deg-6mo, HARD_NO_TRIGGER, DOWNSTREAM
ephemeris_reconstructed, spice, historical, hi, l2, h45-ena-h-hf-nsp-ram-hae-6deg-6mo, HARD_NO_TRIGGER, DOWNSTREAM
ephemeris_reconstructed, spice, historical, hi, l2, h45-ena-h-sf-nsp-anti-hae-6deg-6mo, HARD_NO_TRIGGER, DOWNSTREAM
ephemeris_reconstructed, spice, historical, hi, l2, h45-ena-h-hf-nsp-anti-hae-6deg-6mo, HARD_NO_TRIGGER, DOWNSTREAM
ephemeris_reconstructed, spice, historical, hi, l2, h45-ena-h-sf-nsp-ram-hae-6deg-1yr, HARD_NO_TRIGGER, DOWNSTREAM
ephemeris_reconstructed, spice, historical, hi, l2, h45-ena-h-hf-nsp-ram-hae-6deg-1yr, HARD_NO_TRIGGER, DOWNSTREAM
ephemeris_reconstructed, spice, historical, hi, l2, h45-ena-h-sf-nsp-anti-hae-6deg-1yr, HARD_NO_TRIGGER, DOWNSTREAM
ephemeris_reconstructed, spice, historical, hi, l2, h45-ena-h-hf-nsp-anti-hae-6deg-1yr, HARD_NO_TRIGGER, DOWNSTREAM
ephemeris_reconstructed, spice, historical, hi, l2, h45-ena-h-sf-nsp-full-hae-4deg-3mo, HARD_NO_TRIGGER, DOWNSTREAM
ephemeris_reconstructed, spice, historical, hi, l2, h45-ena-h-hf-nsp-full-hae-4deg-3mo, HARD_NO_TRIGGER, DOWNSTREAM
ephemeris_reconstructed, spice, historical, hi, l2, h45-ena-h-sf-nsp-full-hae-4deg-6mo, HARD_NO_TRIGGER, DOWNSTREAM
ephemeris_reconstructed, spice, historical, hi, l2, h45-ena-h-hf-nsp-full-hae-4deg-6mo, HARD_NO_TRIGGER, DOWNSTREAM
ephemeris_reconstructed, spice, historical, hi, l2, h45-ena-h-sf-nsp-ram-hae-4deg-6mo, HARD_NO_TRIGGER, DOWNSTREAM
ephemeris_reconstructed, spice, historical, hi, l2, h45-ena-h-hf-nsp-ram-hae-4deg-6mo, HARD_NO_TRIGGER, DOWNSTREAM
ephemeris_reconstructed, spice, historical, hi, l2, h45-ena-h-sf-nsp-anti-hae-4deg-6mo, HARD_NO_TRIGGER, DOWNSTREAM
ephemeris_reconstructed, spice, historical, hi, l2, h45-ena-h-hf-nsp-anti-hae-4deg-6mo, HARD_NO_TRIGGER, DOWNSTREAM
ephemeris_reconstructed, spice, historical, hi, l2, h45-ena-h-sf-nsp-ram-hae-4deg-1yr, HARD_NO_TRIGGER, DOWNSTREAM
ephemeris_reconstructed, spice, historical, hi, l2, h45-ena-h-hf-nsp-ram-hae-4deg-1yr, HARD_NO_TRIGGER, DOWNSTREAM
ephemeris_reconstructed, spice, historical, hi, l2, h45-ena-h-sf-nsp-anti-hae-4deg-1yr, HARD_NO_TRIGGER, DOWNSTREAM
ephemeris_reconstructed, spice, historical, hi, l2, h45-ena-h-hf-nsp-anti-hae-4deg-1yr, HARD_NO_TRIGGER, DOWNSTREAM
# ancillary - cal-prod
hi, ancillary, 45sensor-cal-prod, hi, l2, h45-ena-h-sf-nsp-full-hae-6deg-3mo, HARD, DOWNSTREAM
hi, ancillary, 45sensor-cal-prod, hi, l2, h45-ena-h-hf-nsp-full-hae-6deg-3mo, HARD, DOWNSTREAM
hi, ancillary, 45sensor-cal-prod, hi, l2, h45-ena-h-sf-nsp-full-hae-6deg-6mo, HARD, DOWNSTREAM
hi, ancillary, 45sensor-cal-prod, hi, l2, h45-ena-h-hf-nsp-full-hae-6deg-6mo, HARD, DOWNSTREAM
hi, ancillary, 45sensor-cal-prod, hi, l2, h45-ena-h-sf-nsp-ram-hae-6deg-6mo, HARD, DOWNSTREAM
hi, ancillary, 45sensor-cal-prod, hi, l2, h45-ena-h-hf-nsp-ram-hae-6deg-6mo, HARD, DOWNSTREAM
hi, ancillary, 45sensor-cal-prod, hi, l2, h45-ena-h-sf-nsp-anti-hae-6deg-6mo, HARD, DOWNSTREAM
hi, ancillary, 45sensor-cal-prod, hi, l2, h45-ena-h-hf-nsp-anti-hae-6deg-6mo, HARD, DOWNSTREAM
hi, ancillary, 45sensor-cal-prod, hi, l2, h45-ena-h-sf-nsp-ram-hae-6deg-1yr, HARD, DOWNSTREAM
hi, ancillary, 45sensor-cal-prod, hi, l2, h45-ena-h-hf-nsp-ram-hae-6deg-1yr, HARD, DOWNSTREAM
hi, ancillary, 45sensor-cal-prod, hi, l2, h45-ena-h-sf-nsp-anti-hae-6deg-1yr, HARD, DOWNSTREAM
hi, ancillary, 45sensor-cal-prod, hi, l2, h45-ena-h-hf-nsp-anti-hae-6deg-1yr, HARD, DOWNSTREAM
hi, ancillary, 45sensor-cal-prod, hi, l2, h45-ena-h-sf-nsp-full-hae-4deg-3mo, HARD, DOWNSTREAM
hi, ancillary, 45sensor-cal-prod, hi, l2, h45-ena-h-hf-nsp-full-hae-4deg-3mo, HARD, DOWNSTREAM
hi, ancillary, 45sensor-cal-prod, hi, l2, h45-ena-h-sf-nsp-full-hae-4deg-6mo, HARD, DOWNSTREAM
hi, ancillary, 45sensor-cal-prod, hi, l2, h45-ena-h-hf-nsp-full-hae-4deg-6mo, HARD, DOWNSTREAM
hi, ancillary, 45sensor-cal-prod, hi, l2, h45-ena-h-sf-nsp-ram-hae-4deg-6mo, HARD, DOWNSTREAM
hi, ancillary, 45sensor-cal-prod, hi, l2, h45-ena-h-hf-nsp-ram-hae-4deg-6mo, HARD, DOWNSTREAM
hi, ancillary, 45sensor-cal-prod, hi, l2, h45-ena-h-sf-nsp-anti-hae-4deg-6mo, HARD, DOWNSTREAM
hi, ancillary, 45sensor-cal-prod, hi, l2, h45-ena-h-hf-nsp-anti-hae-4deg-6mo, HARD, DOWNSTREAM
hi, ancillary, 45sensor-cal-prod, hi, l2, h45-ena-h-sf-nsp-ram-hae-4deg-1yr, HARD, DOWNSTREAM
hi, ancillary, 45sensor-cal-prod, hi, l2, h45-ena-h-hf-nsp-ram-hae-4deg-1yr, HARD, DOWNSTREAM
hi, ancillary, 45sensor-cal-prod, hi, l2, h45-ena-h-sf-nsp-anti-hae-4deg-1yr, HARD, DOWNSTREAM
hi, ancillary, 45sensor-cal-prod, hi, l2, h45-ena-h-hf-nsp-anti-hae-4deg-1yr, HARD, DOWNSTREAM
# ancillary - esa-energies
hi, ancillary, 45sensor-esa-energies, hi, l2, h45-ena-h-sf-nsp-full-hae-6deg-3mo, HARD, DOWNSTREAM
hi, ancillary, 45sensor-esa-energies, hi, l2, h45-ena-h-hf-nsp-full-hae-6deg-3mo, HARD, DOWNSTREAM
hi, ancillary, 45sensor-esa-energies, hi, l2, h45-ena-h-sf-nsp-full-hae-6deg-6mo, HARD, DOWNSTREAM
hi, ancillary, 45sensor-esa-energies, hi, l2, h45-ena-h-hf-nsp-full-hae-6deg-6mo, HARD, DOWNSTREAM
hi, ancillary, 45sensor-esa-energies, hi, l2, h45-ena-h-sf-nsp-ram-hae-6deg-6mo, HARD, DOWNSTREAM
hi, ancillary, 45sensor-esa-energies, hi, l2, h45-ena-h-hf-nsp-ram-hae-6deg-6mo, HARD, DOWNSTREAM
hi, ancillary, 45sensor-esa-energies, hi, l2, h45-ena-h-sf-nsp-anti-hae-6deg-6mo, HARD, DOWNSTREAM
hi, ancillary, 45sensor-esa-energies, hi, l2, h45-ena-h-hf-nsp-anti-hae-6deg-6mo, HARD, DOWNSTREAM
hi, ancillary, 45sensor-esa-energies, hi, l2, h45-ena-h-sf-nsp-ram-hae-6deg-1yr, HARD, DOWNSTREAM
hi, ancillary, 45sensor-esa-energies, hi, l2, h45-ena-h-hf-nsp-ram-hae-6deg-1yr, HARD, DOWNSTREAM
hi, ancillary, 45sensor-esa-energies, hi, l2, h45-ena-h-sf-nsp-anti-hae-6deg-1yr, HARD, DOWNSTREAM
hi, ancillary, 45sensor-esa-energies, hi, l2, h45-ena-h-hf-nsp-anti-hae-6deg-1yr, HARD, DOWNSTREAM
hi, ancillary, 45sensor-esa-energies, hi, l2, h45-ena-h-sf-nsp-full-hae-4deg-3mo, HARD, DOWNSTREAM
hi, ancillary, 45sensor-esa-energies, hi, l2, h45-ena-h-hf-nsp-full-hae-4deg-3mo, HARD, DOWNSTREAM
hi, ancillary, 45sensor-esa-energies, hi, l2, h45-ena-h-sf-nsp-full-hae-4deg-6mo, HARD, DOWNSTREAM
hi, ancillary, 45sensor-esa-energies, hi, l2, h45-ena-h-hf-nsp-full-hae-4deg-6mo, HARD, DOWNSTREAM
hi, ancillary, 45sensor-esa-energies, hi, l2, h45-ena-h-sf-nsp-ram-hae-4deg-6mo, HARD, DOWNSTREAM
hi, ancillary, 45sensor-esa-energies, hi, l2, h45-ena-h-hf-nsp-ram-hae-4deg-6mo, HARD, DOWNSTREAM
hi, ancillary, 45sensor-esa-energies, hi, l2, h45-ena-h-sf-nsp-anti-hae-4deg-6mo, HARD, DOWNSTREAM
hi, ancillary, 45sensor-esa-energies, hi, l2, h45-ena-h-hf-nsp-anti-hae-4deg-6mo, HARD, DOWNSTREAM
hi, ancillary, 45sensor-esa-energies, hi, l2, h45-ena-h-sf-nsp-ram-hae-4deg-1yr, HARD, DOWNSTREAM
hi, ancillary, 45sensor-esa-energies, hi, l2, h45-ena-h-hf-nsp-ram-hae-4deg-1yr, HARD, DOWNSTREAM
hi, ancillary, 45sensor-esa-energies, hi, l2, h45-ena-h-sf-nsp-anti-hae-4deg-1yr, HARD, DOWNSTREAM
hi, ancillary, 45sensor-esa-energies, hi, l2, h45-ena-h-hf-nsp-anti-hae-4deg-1yr, HARD, DOWNSTREAM
# ancillary - esa-eta-fit-factors
hi, ancillary, 45sensor-esa-eta-fit-factors, hi, l2, h45-ena-h-sf-nsp-full-hae-6deg-3mo, HARD, DOWNSTREAM
hi, ancillary, 45sensor-esa-eta-fit-factors, hi, l2, h45-ena-h-hf-nsp-full-hae-6deg-3mo, HARD, DOWNSTREAM
hi, ancillary, 45sensor-esa-eta-fit-factors, hi, l2, h45-ena-h-sf-nsp-full-hae-6deg-6mo, HARD, DOWNSTREAM
hi, ancillary, 45sensor-esa-eta-fit-factors, hi, l2, h45-ena-h-hf-nsp-full-hae-6deg-6mo, HARD, DOWNSTREAM
hi, ancillary, 45sensor-esa-eta-fit-factors, hi, l2, h45-ena-h-sf-nsp-ram-hae-6deg-6mo, HARD, DOWNSTREAM
hi, ancillary, 45sensor-esa-eta-fit-factors, hi, l2, h45-ena-h-hf-nsp-ram-hae-6deg-6mo, HARD, DOWNSTREAM
hi, ancillary, 45sensor-esa-eta-fit-factors, hi, l2, h45-ena-h-sf-nsp-anti-hae-6deg-6mo, HARD, DOWNSTREAM
hi, ancillary, 45sensor-esa-eta-fit-factors, hi, l2, h45-ena-h-hf-nsp-anti-hae-6deg-6mo, HARD, DOWNSTREAM
hi, ancillary, 45sensor-esa-eta-fit-factors, hi, l2, h45-ena-h-sf-nsp-ram-hae-6deg-1yr, HARD, DOWNSTREAM
hi, ancillary, 45sensor-esa-eta-fit-factors, hi, l2, h45-ena-h-hf-nsp-ram-hae-6deg-1yr, HARD, DOWNSTREAM
hi, ancillary, 45sensor-esa-eta-fit-factors, hi, l2, h45-ena-h-sf-nsp-anti-hae-6deg-1yr, HARD, DOWNSTREAM
hi, ancillary, 45sensor-esa-eta-fit-factors, hi, l2, h45-ena-h-hf-nsp-anti-hae-6deg-1yr, HARD, DOWNSTREAM
hi, ancillary, 45sensor-esa-eta-fit-factors, hi, l2, h45-ena-h-sf-nsp-full-hae-4deg-3mo, HARD, DOWNSTREAM
hi, ancillary, 45sensor-esa-eta-fit-factors, hi, l2, h45-ena-h-hf-nsp-full-hae-4deg-3mo, HARD, DOWNSTREAM
hi, ancillary, 45sensor-esa-eta-fit-factors, hi, l2, h45-ena-h-sf-nsp-full-hae-4deg-6mo, HARD, DOWNSTREAM
hi, ancillary, 45sensor-esa-eta-fit-factors, hi, l2, h45-ena-h-hf-nsp-full-hae-4deg-6mo, HARD, DOWNSTREAM
hi, ancillary, 45sensor-esa-eta-fit-factors, hi, l2, h45-ena-h-sf-nsp-ram-hae-4deg-6mo, HARD, DOWNSTREAM
hi, ancillary, 45sensor-esa-eta-fit-factors, hi, l2, h45-ena-h-hf-nsp-ram-hae-4deg-6mo, HARD, DOWNSTREAM
hi, ancillary, 45sensor-esa-eta-fit-factors, hi, l2, h45-ena-h-sf-nsp-anti-hae-4deg-6mo, HARD, DOWNSTREAM
hi, ancillary, 45sensor-esa-eta-fit-factors, hi, l2, h45-ena-h-hf-nsp-anti-hae-4deg-6mo, HARD, DOWNSTREAM
hi, ancillary, 45sensor-esa-eta-fit-factors, hi, l2, h45-ena-h-sf-nsp-ram-hae-4deg-1yr, HARD, DOWNSTREAM
hi, ancillary, 45sensor-esa-eta-fit-factors, hi, l2, h45-ena-h-hf-nsp-ram-hae-4deg-1yr, HARD, DOWNSTREAM
hi, ancillary, 45sensor-esa-eta-fit-factors, hi, l2, h45-ena-h-sf-nsp-anti-hae-4deg-1yr, HARD, DOWNSTREAM
hi, ancillary, 45sensor-esa-eta-fit-factors, hi, l2, h45-ena-h-hf-nsp-anti-hae-4deg-1yr, HARD, DOWNSTREAM
# L1C PSET
hi, l1c, 45sensor-pset, hi, l2, h45-ena-h-sf-nsp-full-hae-6deg-3mo, HARD_NO_TRIGGER, DOWNSTREAM
hi, l1c, 45sensor-pset, hi, l2, h45-ena-h-hf-nsp-full-hae-6deg-3mo, HARD_NO_TRIGGER, DOWNSTREAM
hi, l1c, 45sensor-pset, hi, l2, h45-ena-h-sf-nsp-full-hae-6deg-6mo, HARD_NO_TRIGGER, DOWNSTREAM
hi, l1c, 45sensor-pset, hi, l2, h45-ena-h-hf-nsp-full-hae-6deg-6mo, HARD_NO_TRIGGER, DOWNSTREAM
hi, l1c, 45sensor-pset, hi, l2, h45-ena-h-sf-nsp-ram-hae-6deg-6mo, HARD_NO_TRIGGER, DOWNSTREAM
hi, l1c, 45sensor-pset, hi, l2, h45-ena-h-hf-nsp-ram-hae-6deg-6mo, HARD_NO_TRIGGER, DOWNSTREAM
hi, l1c, 45sensor-pset, hi, l2, h45-ena-h-sf-nsp-anti-hae-6deg-6mo, HARD_NO_TRIGGER, DOWNSTREAM
hi, l1c, 45sensor-pset, hi, l2, h45-ena-h-hf-nsp-anti-hae-6deg-6mo, HARD_NO_TRIGGER, DOWNSTREAM
hi, l1c, 45sensor-pset, hi, l2, h45-ena-h-sf-nsp-ram-hae-6deg-1yr, HARD_NO_TRIGGER, DOWNSTREAM
hi, l1c, 45sensor-pset, hi, l2, h45-ena-h-hf-nsp-ram-hae-6deg-1yr, HARD_NO_TRIGGER, DOWNSTREAM
hi, l1c, 45sensor-pset, hi, l2, h45-ena-h-sf-nsp-anti-hae-6deg-1yr, HARD_NO_TRIGGER, DOWNSTREAM
hi, l1c, 45sensor-pset, hi, l2, h45-ena-h-hf-nsp-anti-hae-6deg-1yr, HARD_NO_TRIGGER, DOWNSTREAM
hi, l1c, 45sensor-pset, hi, l2, h45-ena-h-sf-nsp-full-hae-4deg-3mo, HARD_NO_TRIGGER, DOWNSTREAM
hi, l1c, 45sensor-pset, hi, l2, h45-ena-h-hf-nsp-full-hae-4deg-3mo, HARD_NO_TRIGGER, DOWNSTREAM
hi, l1c, 45sensor-pset, hi, l2, h45-ena-h-sf-nsp-full-hae-4deg-6mo, HARD_NO_TRIGGER, DOWNSTREAM
hi, l1c, 45sensor-pset, hi, l2, h45-ena-h-hf-nsp-full-hae-4deg-6mo, HARD_NO_TRIGGER, DOWNSTREAM
hi, l1c, 45sensor-pset, hi, l2, h45-ena-h-sf-nsp-ram-hae-4deg-6mo, HARD_NO_TRIGGER, DOWNSTREAM
hi, l1c, 45sensor-pset, hi, l2, h45-ena-h-hf-nsp-ram-hae-4deg-6mo, HARD_NO_TRIGGER, DOWNSTREAM
hi, l1c, 45sensor-pset, hi, l2, h45-ena-h-sf-nsp-anti-hae-4deg-6mo, HARD_NO_TRIGGER, DOWNSTREAM
hi, l1c, 45sensor-pset, hi, l2, h45-ena-h-hf-nsp-anti-hae-4deg-6mo, HARD_NO_TRIGGER, DOWNSTREAM
hi, l1c, 45sensor-pset, hi, l2, h45-ena-h-sf-nsp-ram-hae-4deg-1yr, HARD_NO_TRIGGER, DOWNSTREAM
hi, l1c, 45sensor-pset, hi, l2, h45-ena-h-hf-nsp-ram-hae-4deg-1yr, HARD_NO_TRIGGER, DOWNSTREAM
hi, l1c, 45sensor-pset, hi, l2, h45-ena-h-sf-nsp-anti-hae-4deg-1yr, HARD_NO_TRIGGER, DOWNSTREAM
hi, l1c, 45sensor-pset, hi, l2, h45-ena-h-hf-nsp-anti-hae-4deg-1yr, HARD_NO_TRIGGER, DOWNSTREAM

# L3
# Spectral Index
hi, l3, h90-ena-h-hf-sp-full-hae-4deg-6mo, hi, l3, h90-spx-h-hf-sp-full-hae-4deg-6mo, HARD, DOWNSTREAM
hi, l3, h90-ena-h-hf-sp-ram-hae-4deg-1yr, hi, l3, h90-spx-h-hf-sp-ram-hae-4deg-1yr, HARD, DOWNSTREAM
hi, l3, h90-ena-h-hf-sp-anti-hae-4deg-1yr, hi, l3, h90-spx-h-hf-sp-anti-hae-4deg-1yr, HARD, DOWNSTREAM
hi, l3, h45-ena-h-hf-sp-full-hae-4deg-6mo, hi, l3, h45-spx-h-hf-sp-full-hae-4deg-6mo, HARD, DOWNSTREAM
hi, l3, h45-ena-h-hf-sp-ram-hae-4deg-1yr, hi, l3, h45-spx-h-hf-sp-ram-hae-4deg-1yr, HARD, DOWNSTREAM
hi, l3, h45-ena-h-hf-sp-anti-hae-4deg-1yr, hi, l3, h45-spx-h-hf-sp-anti-hae-4deg-1yr, HARD, DOWNSTREAM
hi, l3, hic-ena-h-hf-sp-full-hae-4deg-1yr, hi, l3, hic-spx-h-hf-sp-full-hae-4deg-1yr, HARD, DOWNSTREAM

hi, l3, h90-ena-h-hf-sp-full-hae-6deg-6mo, hi, l3, h90-spx-h-hf-sp-full-hae-6deg-6mo, HARD, DOWNSTREAM
hi, l3, h90-ena-h-hf-sp-ram-hae-6deg-1yr, hi, l3, h90-spx-h-hf-sp-ram-hae-6deg-1yr, HARD, DOWNSTREAM
hi, l3, h90-ena-h-hf-sp-anti-hae-6deg-1yr, hi, l3, h90-spx-h-hf-sp-anti-hae-6deg-1yr, HARD, DOWNSTREAM
hi, l3, h45-ena-h-hf-sp-full-hae-6deg-6mo, hi, l3, h45-spx-h-hf-sp-full-hae-6deg-6mo, HARD, DOWNSTREAM
hi, l3, h45-ena-h-hf-sp-ram-hae-6deg-1yr, hi, l3, h45-spx-h-hf-sp-ram-hae-6deg-1yr, HARD, DOWNSTREAM
hi, l3, h45-ena-h-hf-sp-anti-hae-6deg-1yr, hi, l3, h45-spx-h-hf-sp-anti-hae-6deg-1yr, HARD, DOWNSTREAM
hi, l3, hic-ena-h-hf-sp-full-hae-6deg-1yr, hi, l3, hic-spx-h-hf-sp-full-hae-6deg-1yr, HARD, DOWNSTREAM

# <---- HIT Dependencies ---->

hit, l0, raw, hit, l1a, all, HARD, DOWNSTREAM
leapseconds, spice, historical, hit, l1a, all, HARD_NO_TRIGGER, DOWNSTREAM
spacecraft_clock, spice, historical, hit, l1a, all, HARD_NO_TRIGGER, DOWNSTREAM

hit, l0, raw, hit, l1b, hk, HARD, DOWNSTREAM
leapseconds, spice, historical, hit, l1b, hk, HARD_NO_TRIGGER, DOWNSTREAM
spacecraft_clock, spice, historical, hit, l1b, hk, HARD_NO_TRIGGER, DOWNSTREAM

hit, l1a, counts-standard, hit, l1b, standard-rates, HARD, DOWNSTREAM
hit, l1a, counts-standard, hit, l1b, summed-rates, HARD, DOWNSTREAM
hit, l1a, counts-sectored, hit, l1b, sectored-rates, HARD, DOWNSTREAM

hit, l1b, standard-rates, hit, l2, standard-intensity, HARD, DOWNSTREAM
hit, l1b, summed-rates, hit, l2, summed-intensity, HARD, DOWNSTREAM
hit, l1b, sectored-rates, hit, l2, macropixel-intensity, HARD, DOWNSTREAM

hit, ancillary, l1b-to-l2-macropixel-dt0-factors, hit, l2, macropixel-intensity, HARD, DOWNSTREAM
hit, ancillary, l1b-to-l2-macropixel-dt1-factors, hit, l2, macropixel-intensity, HARD, DOWNSTREAM
hit, ancillary, l1b-to-l2-macropixel-dt2-factors, hit, l2, macropixel-intensity, HARD, DOWNSTREAM
hit, ancillary, l1b-to-l2-macropixel-dt3-factors, hit, l2, macropixel-intensity, HARD, DOWNSTREAM

hit, ancillary, l1b-to-l2-standard-dt0-factors, hit, l2, standard-intensity, HARD, DOWNSTREAM
hit, ancillary, l1b-to-l2-standard-dt1-factors, hit, l2, standard-intensity, HARD, DOWNSTREAM
hit, ancillary, l1b-to-l2-standard-dt2-factors, hit, l2, standard-intensity, HARD, DOWNSTREAM
hit, ancillary, l1b-to-l2-standard-dt3-factors, hit, l2, standard-intensity, HARD, DOWNSTREAM

hit, ancillary, l1b-to-l2-summed-dt0-factors, hit, l2, summed-intensity, HARD, DOWNSTREAM
hit, ancillary, l1b-to-l2-summed-dt1-factors, hit, l2, summed-intensity, HARD, DOWNSTREAM
hit, ancillary, l1b-to-l2-summed-dt2-factors, hit, l2, summed-intensity, HARD, DOWNSTREAM
hit, ancillary, l1b-to-l2-summed-dt3-factors, hit, l2, summed-intensity, HARD, DOWNSTREAM

hit, l2, macropixel-intensity, hit, l3, macropixel, HARD, DOWNSTREAM
mag, l1d, norm-dsrf, hit, l3, macropixel, HARD, DOWNSTREAM

hit, l1a, direct-events, hit, l3, direct-events, HARD, DOWNSTREAM
hit, ancillary, range-2A-cosine-lookup, hit, l3, direct-events, HARD, DOWNSTREAM
hit, ancillary, range-3A-cosine-lookup, hit, l3, direct-events, HARD, DOWNSTREAM
hit, ancillary, range-4A-cosine-lookup, hit, l3, direct-events, HARD, DOWNSTREAM
hit, ancillary, range-2B-cosine-lookup, hit, l3, direct-events, HARD, DOWNSTREAM
hit, ancillary, range-3B-cosine-lookup, hit, l3, direct-events, HARD, DOWNSTREAM
hit, ancillary, range-4B-cosine-lookup, hit, l3, direct-events, HARD, DOWNSTREAM
hit, ancillary, lo-gain-lookup, hit, l3, direct-events, HARD, DOWNSTREAM
hit, ancillary, hi-gain-lookup, hit, l3, direct-events, HARD, DOWNSTREAM
hit, ancillary, range-2A-charge-fit-lookup, hit, l3, direct-events, HARD, DOWNSTREAM
hit, ancillary, range-3A-charge-fit-lookup, hit, l3, direct-events, HARD, DOWNSTREAM
hit, ancillary, range-4A-charge-fit-lookup, hit, l3, direct-events, HARD, DOWNSTREAM
hit, ancillary, range-2B-charge-fit-lookup, hit, l3, direct-events, HARD, DOWNSTREAM
hit, ancillary, range-3B-charge-fit-lookup, hit, l3, direct-events, HARD, DOWNSTREAM
hit, ancillary, range-4B-charge-fit-lookup, hit, l3, direct-events, HARD, DOWNSTREAM
hit, ancillary, hit-event-type-lookup, hit, l3, direct-events, HARD, DOWNSTREAM

# <---- IDEX Dependencies ---->

idex, l0, raw, idex, l1a, all, HARD, DOWNSTREAM
leapseconds, spice, historical, idex, l1a, all, HARD_NO_TRIGGER, DOWNSTREAM
spacecraft_clock, spice, historical, idex, l1a, all, HARD_NO_TRIGGER, DOWNSTREAM

idex, l1a, sci-1week, idex, l1b, sci-1week, HARD, DOWNSTREAM
spin, spin, historical, idex, l1b, sci-1week, HARD, DOWNSTREAM
leapseconds, spice, historical, idex, l1b, sci-1week, HARD_NO_TRIGGER, DOWNSTREAM
spacecraft_clock, spice, historical, idex, l1b, sci-1week, HARD_NO_TRIGGER, DOWNSTREAM
ephemeris_reconstructed, spice, historical, idex, l1b, sci-1week, HARD, DOWNSTREAM
ephemeris_predicted, spice, historical, idex, l1b, sci-1week, HARD_NO_TRIGGER, DOWNSTREAM
attitude_history, spice, historical, idex, l1b, sci-1week, HARD, DOWNSTREAM
planetary_ephemeris, spice, historical, idex, l1b, sci-1week, HARD_NO_TRIGGER, DOWNSTREAM
imap_frames, spice, historical, idex, l1b, sci-1week, HARD_NO_TRIGGER, DOWNSTREAM

idex, l1a, msg, idex, l1b, msg, HARD, DOWNSTREAM

idex, l1b, sci-1week, idex, l2a, sci-1week, HARD, DOWNSTREAM
idex, ancillary, l2a-calibration-curve-yield-params, idex, l2a, sci-1week, HARD, DOWNSTREAM
idex, ancillary, l2a-calibration-curve-t-rise, idex, l2a, sci-1week, HARD, DOWNSTREAM

idex, l2a, sci-1week, idex, l2b, all-1mo, HARD_NO_TRIGGER, DOWNSTREAM
leapseconds, spice, historical, idex, l2b, all-1mo, HARD_NO_TRIGGER, DOWNSTREAM
spacecraft_clock, spice, historical, idex, l2b, all-1mo, HARD_NO_TRIGGER, DOWNSTREAM
idex, l1b, msg, idex, l2b, all-1mo, HARD_NO_TRIGGER, DOWNSTREAM

# <---- LO Dependencies ---->
lo, l0, raw, lo, l1a, all, HARD, DOWNSTREAM
leapseconds, spice, historical, lo, l1a, all, HARD_NO_TRIGGER, DOWNSTREAM
spacecraft_clock, spice, historical, lo, l1a, all, HARD_NO_TRIGGER, DOWNSTREAM

lo, l1a, de, lo, l1b, de, HARD, DOWNSTREAM
lo, l1a, spin, lo, l1b, de, HARD, DOWNSTREAM
lo, l1b, nhk, lo, l1b, de, HARD, DOWNSTREAM
lo, ancillary, bad-times, lo, l1b, de, HARD, DOWNSTREAM
lo, ancillary, sweep-table, lo, l1b, de, HARD, DOWNSTREAM
spin, spin, historical, lo, l1b, de, HARD, DOWNSTREAM
repoint, repoint, historical, lo, l1b, de, HARD, DOWNSTREAM
spacecraft_clock, spice, historical, lo, l1b, de, HARD_NO_TRIGGER, DOWNSTREAM
leapseconds, spice, historical, lo, l1b, de, HARD_NO_TRIGGER, DOWNSTREAM
ephemeris_reconstructed, spice, historical, lo, l1b, de, HARD_NO_TRIGGER, DOWNSTREAM
ephemeris_predicted, spice, historical, lo, l1b, de, HARD_NO_TRIGGER, DOWNSTREAM
attitude_history, spice, historical, lo, l1b, de, HARD_NO_TRIGGER, DOWNSTREAM
imap_frames, spice, historical, lo, l1b, de, HARD_NO_TRIGGER, DOWNSTREAM
planetary_ephemeris, spice, historical, lo, l1b, de, HARD_NO_TRIGGER, DOWNSTREAM
pointing_attitude, spice, historical, lo, l1b, de, HARD, DOWNSTREAM
science_frames, spice, historical, lo, l1b, de, HARD_NO_TRIGGER, DOWNSTREAM

lo, l1b, nhk, lo, l1b, badtimes, HARD, DOWNSTREAM
spin, spin, historical, lo, l1b, badtimes, HARD, DOWNSTREAM
repoint, repoint, historical, lo, l1b, badtimes, HARD, DOWNSTREAM
spacecraft_clock, spice, historical, lo, l1b, badtimes, HARD_NO_TRIGGER, DOWNSTREAM
leapseconds, spice, historical, lo, l1b, badtimes, HARD_NO_TRIGGER, DOWNSTREAM

lo, l1a, histogram, lo, l1b, all-rates, HARD, DOWNSTREAM
lo, l1a, spin, lo, l1b, all-rates, HARD, DOWNSTREAM
spin, spin, historical, lo, l1b, all-rates, HARD, DOWNSTREAM
repoint, repoint, historical, lo, l1b, all-rates, HARD, DOWNSTREAM
spacecraft_clock, spice, historical, lo, l1b, all-rates, HARD_NO_TRIGGER, DOWNSTREAM
leapseconds, spice, historical, lo, l1b, all-rates, HARD_NO_TRIGGER, DOWNSTREAM
lo, ancillary, sweep-table, lo, l1b, all-rates, HARD, DOWNSTREAM
lo, ancillary, esa-mode-lut, lo, l1b, all-rates, HARD, DOWNSTREAM

lo, l1b, de, lo, l1b, derates, HARD, DOWNSTREAM
lo, l1a, spin, lo, l1b, derates, HARD, DOWNSTREAM
spin, spin, historical, lo, l1b, derates, HARD, DOWNSTREAM
repoint, repoint, historical, lo, l1b, derates, HARD, DOWNSTREAM
spacecraft_clock, spice, historical, lo, l1b, derates, HARD_NO_TRIGGER, DOWNSTREAM
leapseconds, spice, historical, lo, l1b, derates, HARD_NO_TRIGGER, DOWNSTREAM
lo, ancillary, sweep-table, lo, l1b, derates, HARD, DOWNSTREAM
lo, ancillary, esa-mode-lut, lo, l1b, derates, HARD, DOWNSTREAM

lo, l1a, star, lo, l1b, prostar, HARD, DOWNSTREAM
lo, l1a, spin, lo, l1b, prostar, HARD, DOWNSTREAM
lo, l1b, nhk, lo, l1b, prostar, HARD, DOWNSTREAM
repoint, repoint, historical, lo, l1b, prostar, HARD, DOWNSTREAM
spacecraft_clock, spice, historical, lo, l1b, prostar, HARD_NO_TRIGGER, DOWNSTREAM
leapseconds, spice, historical, lo, l1b, prostar, HARD_NO_TRIGGER, DOWNSTREAM

lo, l1b, de, lo, l1c, pset, HARD, DOWNSTREAM
lo, ancillary, good-times, lo, l1c, pset, HARD, DOWNSTREAM
lo, ancillary, hydrogen-background, lo, l1c, pset, HARD, DOWNSTREAM
lo, ancillary, oxygen-background, lo, l1c, pset, HARD, DOWNSTREAM
spin, spin, historical, lo, l1c, pset, HARD, DOWNSTREAM
repoint, repoint, historical, lo, l1c, pset, HARD, DOWNSTREAM
leapseconds, spice, historical, lo, l1c, pset, HARD_NO_TRIGGER, DOWNSTREAM
spacecraft_clock, spice, historical, lo, l1c, pset, HARD_NO_TRIGGER, DOWNSTREAM
attitude_history, spice, historical, lo, l1c, pset, HARD_NO_TRIGGER, DOWNSTREAM
imap_frames, spice, historical, lo, l1c, pset, HARD_NO_TRIGGER, DOWNSTREAM
planetary_ephemeris, spice, historical, lo, l1c, pset, HARD_NO_TRIGGER, DOWNSTREAM
pointing_attitude, spice, historical, lo, l1c, pset, HARD, DOWNSTREAM
science_frames, spice, historical, lo, l1c, pset, HARD_NO_TRIGGER, DOWNSTREAM
ephemeris_reconstructed, spice, historical, lo, l1c, pset, HARD_NO_TRIGGER, DOWNSTREAM
ephemeris_predicted, spice, best, lo, l1c, pset, HARD_NO_TRIGGER, DOWNSTREAM
ephemeris_90days, spice, best, lo, l1c, pset, HARD_NO_TRIGGER, DOWNSTREAM

# TODO: Maps for 5-7 days need to be defined. deg resolution for those maps are currently N/A in Lo mapping product sheet.

lo, l1c, pset, lo, l2, l090-ena-h-sf-nsp-ram-hae-6deg-1yr, HARD_NO_TRIGGER, DOWNSTREAM
spacecraft_clock, spice, historical, lo, l2, l090-ena-h-sf-nsp-ram-hae-6deg-1yr, HARD_NO_TRIGGER, DOWNSTREAM
leapseconds, spice, historical, lo, l2, l090-ena-h-sf-nsp-ram-hae-6deg-1yr, HARD_NO_TRIGGER, DOWNSTREAM
ephemeris_reconstructed, spice, historical, lo, l2, l090-ena-h-sf-nsp-ram-hae-6deg-1yr, HARD_NO_TRIGGER, DOWNSTREAM
imap_frames, spice, historical, lo, l2, l090-ena-h-sf-nsp-ram-hae-6deg-1yr, HARD_NO_TRIGGER, DOWNSTREAM
planetary_ephemeris, spice, historical, lo, l2, l090-ena-h-sf-nsp-ram-hae-6deg-1yr, HARD_NO_TRIGGER, DOWNSTREAM
science_frames, spice, historical, lo, l2, l090-ena-h-sf-nsp-ram-hae-6deg-1yr, HARD_NO_TRIGGER, DOWNSTREAM
lo, ancillary, esa-eta-fit-factors, lo, l2, l090-ena-h-sf-nsp-ram-hae-6deg-1yr, HARD_NO_TRIGGER, DOWNSTREAM

lo, l1c, pset, lo, l2, l090-ena-h-hk-nsp-ram-hae-6deg-1yr, HARD_NO_TRIGGER, DOWNSTREAM
spacecraft_clock, spice, historical, lo, l2, l090-ena-h-hk-nsp-ram-hae-6deg-1yr, HARD_NO_TRIGGER, DOWNSTREAM
leapseconds, spice, historical, lo, l2, l090-ena-h-hk-nsp-ram-hae-6deg-1yr, HARD_NO_TRIGGER, DOWNSTREAM
ephemeris_reconstructed, spice, historical, lo, l2, l090-ena-h-hk-nsp-ram-hae-6deg-1yr, HARD_NO_TRIGGER, DOWNSTREAM
imap_frames, spice, historical, lo, l2, l090-ena-h-hk-nsp-ram-hae-6deg-1yr, HARD_NO_TRIGGER, DOWNSTREAM
planetary_ephemeris, spice, historical, lo, l2, l090-ena-h-hk-nsp-ram-hae-6deg-1yr, HARD_NO_TRIGGER, DOWNSTREAM
science_frames, spice, historical, lo, l2, l090-ena-h-hk-nsp-ram-hae-6deg-1yr, HARD_NO_TRIGGER, DOWNSTREAM
lo, ancillary, esa-eta-fit-factors, lo, l2, l090-ena-h-hk-nsp-ram-hae-6deg-1yr, HARD_NO_TRIGGER, DOWNSTREAM

lo, l1c, pset, lo, l2, l090-ena-h-hf-nsp-ram-hae-6deg-1yr, HARD_NO_TRIGGER, DOWNSTREAM
spacecraft_clock, spice, historical, lo, l2, l090-ena-h-hf-nsp-ram-hae-6deg-1yr, HARD_NO_TRIGGER, DOWNSTREAM
leapseconds, spice, historical, lo, l2, l090-ena-h-hf-nsp-ram-hae-6deg-1yr, HARD_NO_TRIGGER, DOWNSTREAM
ephemeris_reconstructed, spice, historical, lo, l2, l090-ena-h-hf-nsp-ram-hae-6deg-1yr, HARD_NO_TRIGGER, DOWNSTREAM
imap_frames, spice, historical, lo, l2, l090-ena-h-hf-nsp-ram-hae-6deg-1yr, HARD_NO_TRIGGER, DOWNSTREAM
planetary_ephemeris, spice, historical, lo, l2, l090-ena-h-hf-nsp-ram-hae-6deg-1yr, HARD_NO_TRIGGER, DOWNSTREAM
science_frames, spice, historical, lo, l2, l090-ena-h-hf-nsp-ram-hae-6deg-1yr, HARD_NO_TRIGGER, DOWNSTREAM
lo, ancillary, esa-eta-fit-factors, lo, l2, l090-ena-h-hf-nsp-ram-hae-6deg-1yr, HARD_NO_TRIGGER, DOWNSTREAM

lo, l1c, pset, lo, l2, l090-ena-o-sf-nsp-ram-hae-6deg-1yr, HARD_NO_TRIGGER, DOWNSTREAM
spacecraft_clock, spice, historical, lo, l2, l090-ena-o-sf-nsp-ram-hae-6deg-1yr, HARD_NO_TRIGGER, DOWNSTREAM
leapseconds, spice, historical, lo, l2, l090-ena-o-sf-nsp-ram-hae-6deg-1yr, HARD_NO_TRIGGER, DOWNSTREAM
ephemeris_reconstructed, spice, historical, lo, l2, l090-ena-o-sf-nsp-ram-hae-6deg-1yr, HARD_NO_TRIGGER, DOWNSTREAM
imap_frames, spice, historical, lo, l2, l090-ena-o-sf-nsp-ram-hae-6deg-1yr, HARD_NO_TRIGGER, DOWNSTREAM
planetary_ephemeris, spice, historical, lo, l2, l090-ena-o-sf-nsp-ram-hae-6deg-1yr, HARD_NO_TRIGGER, DOWNSTREAM
science_frames, spice, historical, lo, l2, l090-ena-o-sf-nsp-ram-hae-6deg-1yr, HARD_NO_TRIGGER, DOWNSTREAM
lo, ancillary, esa-eta-fit-factors, lo, l2, l090-ena-o-sf-nsp-ram-hae-6deg-1yr, HARD_NO_TRIGGER, DOWNSTREAM

lo, l1c, pset, lo, l2, l090-isn-h-sf-nsp-ram-hae-6deg-1yr, HARD_NO_TRIGGER, DOWNSTREAM
spacecraft_clock, spice, historical, lo, l2, l090-isn-h-sf-nsp-ram-hae-6deg-1yr, HARD_NO_TRIGGER, DOWNSTREAM
leapseconds, spice, historical, lo, l2, l090-isn-h-sf-nsp-ram-hae-6deg-1yr, HARD_NO_TRIGGER, DOWNSTREAM
ephemeris_reconstructed, spice, historical, lo, l2, l090-isn-h-sf-nsp-ram-hae-6deg-1yr, HARD_NO_TRIGGER, DOWNSTREAM
imap_frames, spice, historical, lo, l2, l090-isn-h-sf-nsp-ram-hae-6deg-1yr, HARD_NO_TRIGGER, DOWNSTREAM
planetary_ephemeris, spice, historical, lo, l2, l090-isn-h-sf-nsp-ram-hae-6deg-1yr, HARD_NO_TRIGGER, DOWNSTREAM
science_frames, spice, historical, lo, l2, l090-isn-h-sf-nsp-ram-hae-6deg-1yr, HARD_NO_TRIGGER, DOWNSTREAM
lo, ancillary, esa-eta-fit-factors, lo, l2, l090-isn-h-sf-nsp-ram-hae-6deg-1yr, HARD_NO_TRIGGER, DOWNSTREAM

lo, l1c, pset, lo, l2, l090-isn-o-sf-nsp-ram-hae-6deg-1yr, HARD_NO_TRIGGER, DOWNSTREAM
spacecraft_clock, spice, historical, lo, l2, l090-isn-o-sf-nsp-ram-hae-6deg-1yr, HARD_NO_TRIGGER, DOWNSTREAM
leapseconds, spice, historical, lo, l2, l090-isn-o-sf-nsp-ram-hae-6deg-1yr, HARD_NO_TRIGGER, DOWNSTREAM
ephemeris_reconstructed, spice, historical, lo, l2, l090-isn-o-sf-nsp-ram-hae-6deg-1yr, HARD_NO_TRIGGER, DOWNSTREAM
imap_frames, spice, historical, lo, l2, l090-isn-o-sf-nsp-ram-hae-6deg-1yr, HARD_NO_TRIGGER, DOWNSTREAM
planetary_ephemeris, spice, historical, lo, l2, l090-isn-o-sf-nsp-ram-hae-6deg-1yr, HARD_NO_TRIGGER, DOWNSTREAM
science_frames, spice, historical, lo, l2, l090-isn-o-sf-nsp-ram-hae-6deg-1yr, HARD_NO_TRIGGER, DOWNSTREAM
lo, ancillary, esa-eta-fit-factors, lo, l2, l090-isn-o-sf-nsp-ram-hae-6deg-1yr, HARD_NO_TRIGGER, DOWNSTREAM

lo, l1c, pset, lo, l2, t090-isn-h-sf-nsp-ram-hae-6deg-1yr, HARD_NO_TRIGGER, DOWNSTREAM
spacecraft_clock, spice, historical, lo, l2, t090-isn-h-sf-nsp-ram-hae-6deg-1yr, HARD_NO_TRIGGER, DOWNSTREAM
leapseconds, spice, historical, lo, l2, t090-isn-h-sf-nsp-ram-hae-6deg-1yr, HARD_NO_TRIGGER, DOWNSTREAM
ephemeris_reconstructed, spice, historical, lo, l2, t090-isn-h-sf-nsp-ram-hae-6deg-1yr, HARD_NO_TRIGGER, DOWNSTREAM
imap_frames, spice, historical, lo, l2, t090-isn-h-sf-nsp-ram-hae-6deg-1yr, HARD_NO_TRIGGER, DOWNSTREAM
planetary_ephemeris, spice, historical, lo, l2, t090-isn-h-sf-nsp-ram-hae-6deg-1yr, HARD_NO_TRIGGER, DOWNSTREAM
science_frames, spice, historical, lo, l2, t090-isn-h-sf-nsp-ram-hae-6deg-1yr, HARD_NO_TRIGGER, DOWNSTREAM
lo, ancillary, esa-eta-fit-factors, lo, l2, t090-ena-h-sf-nsp-ram-hae-6deg-1yr, HARD_NO_TRIGGER, DOWNSTREAM

lo, l1c, pset, lo, l2, t090-isn-o-sf-nsp-ram-hae-6deg-1yr, HARD_NO_TRIGGER, DOWNSTREAM
spacecraft_clock, spice, historical, lo, l2, t090-isn-o-sf-nsp-ram-hae-6deg-1yr, HARD_NO_TRIGGER, DOWNSTREAM
leapseconds, spice, historical, lo, l2, t090-isn-o-sf-nsp-ram-hae-6deg-1yr, HARD_NO_TRIGGER, DOWNSTREAM
ephemeris_reconstructed, spice, historical, lo, l2, t090-isn-o-sf-nsp-ram-hae-6deg-1yr, HARD_NO_TRIGGER, DOWNSTREAM
imap_frames, spice, historical, lo, l2, t090-isn-o-sf-nsp-ram-hae-6deg-1yr, HARD_NO_TRIGGER, DOWNSTREAM
planetary_ephemeris, spice, historical, lo, l2, t090-isn-o-sf-nsp-ram-hae-6deg-1yr, HARD_NO_TRIGGER, DOWNSTREAM
science_frames, spice, historical, lo, l2, t090-isn-o-sf-nsp-ram-hae-6deg-1yr, HARD_NO_TRIGGER, DOWNSTREAM
lo, ancillary, esa-eta-fit-factors, lo, l2, t090-ena-h-sf-nsp-ram-hae-6deg-1yr, HARD_NO_TRIGGER, DOWNSTREAM

lo, l2, l090-ena-h-sf-nsp-ram-hae-6deg-1yr, lo, l3, l090-spx-h-sf-nsp-ram-hae-6deg-1yr, HARD, DOWNSTREAM
lo, l2, l090-ena-h-hf-nsp-ram-hae-6deg-1yr, lo, l3, l090-spx-h-hf-nsp-ram-hae-6deg-1yr, HARD, DOWNSTREAM
lo, l3, l090-ena-h-sf-sp-ram-hae-6deg-1yr, lo, l3, l090-spx-h-sf-sp-ram-hae-6deg-1yr, HARD, DOWNSTREAM
lo, l3, l090-ena-h-hf-sp-ram-hae-6deg-1yr, lo, l3, l090-spx-h-hf-sp-ram-hae-6deg-1yr, HARD, DOWNSTREAM
lo, l2, l090-enanbs-h-sf-nsp-ram-hae-6deg-1yr, lo, l3, l090-spxnbs-h-sf-nsp-ram-hae-6deg-1yr, HARD, DOWNSTREAM
lo, l2, l090-enanbs-h-hk-nsp-ram-hae-6deg-1yr, lo, l3, l090-spxnbs-h-hk-nsp-ram-hae-6deg-1yr, HARD, DOWNSTREAM

lo, l2, l090-enanbs-h-sf-nsp-ram-hae-6deg-1yr, lo, l3, l090-isn-h-sf-nsp-ram-hae-6deg-1yr, HARD, DOWNSTREAM
lo, l2, l090-enanbs-o-sf-nsp-ram-hae-6deg-1yr, lo, l3, l090-isn-o-sf-nsp-ram-hae-6deg-1yr, HARD, DOWNSTREAM

# <---- MAG Dependencies ---->

# L0 -> L1A
mag, l0, raw, mag, l1a, all, HARD, DOWNSTREAM
leapseconds, spice, historical, mag, l1a, all, HARD_NO_TRIGGER, DOWNSTREAM
spacecraft_clock, spice, historical, mag, l1a, all, HARD_NO_TRIGGER, DOWNSTREAM

# L1A -> L1B
mag, l1a, norm-mago, mag, l1b, norm-mago, HARD, DOWNSTREAM
mag, ancillary, l1b-calibration, mag, l1b, norm-mago, HARD, DOWNSTREAM
mag, l1a, norm-magi, mag, l1b, norm-magi, HARD, DOWNSTREAM
mag, ancillary, l1b-calibration, mag, l1b, norm-magi, HARD, DOWNSTREAM
mag, l1a, burst-mago, mag, l1b, burst-mago, HARD, DOWNSTREAM
mag, ancillary, l1b-calibration, mag, l1b, burst-mago, HARD, DOWNSTREAM
mag, l1a, burst-magi, mag, l1b, burst-magi, HARD, DOWNSTREAM
mag, ancillary, l1b-calibration, mag, l1b, burst-magi, HARD, DOWNSTREAM

leapseconds, spice, historical, mag, l1b, norm-mago, HARD_NO_TRIGGER, DOWNSTREAM
spacecraft_clock, spice, historical, mag, l1b, norm-mago, HARD_NO_TRIGGER, DOWNSTREAM
leapseconds, spice, historical, mag, l1b, norm-magi, HARD_NO_TRIGGER, DOWNSTREAM
spacecraft_clock, spice, historical, mag, l1b, norm-magi, HARD_NO_TRIGGER, DOWNSTREAM
leapseconds, spice, historical, mag, l1b, burst-mago, HARD_NO_TRIGGER, DOWNSTREAM
spacecraft_clock, spice, historical, mag, l1b, burst-mago, HARD_NO_TRIGGER, DOWNSTREAM
leapseconds, spice, historical, mag, l1b, burst-magi, HARD_NO_TRIGGER, DOWNSTREAM
spacecraft_clock, spice, historical, mag, l1b, burst-magi, HARD_NO_TRIGGER, DOWNSTREAM


# L1B -> L1C
# For L1C, we want to trigger on either burst or norm or both.
mag, l1b, norm-mago, mag, l1c, norm-mago, SOFT_TRIGGER, DOWNSTREAM
mag, l1b, burst-mago, mag, l1c, norm-mago, SOFT_TRIGGER, DOWNSTREAM
mag, l1b, norm-magi, mag, l1c, norm-magi, SOFT_TRIGGER, DOWNSTREAM
mag, l1b, burst-magi, mag, l1c, norm-magi, SOFT_TRIGGER, DOWNSTREAM

leapseconds, spice, historical, mag, l1c, norm-mago, HARD_NO_TRIGGER, DOWNSTREAM
spacecraft_clock, spice, historical, mag, l1c, norm-mago, HARD_NO_TRIGGER, DOWNSTREAM
leapseconds, spice, historical, mag, l1c, norm-magi, HARD_NO_TRIGGER, DOWNSTREAM
spacecraft_clock, spice, historical, mag, l1c, norm-magi, HARD_NO_TRIGGER, DOWNSTREAM

# L1C/L1B -> L1D
# all L1D processing occurs in one step
mag, ancillary, l1d-calibration, mag, l1d, norm-srf, HARD, DOWNSTREAM
mag, l1c, norm-mago, mag, l1d, norm-srf, HARD, DOWNSTREAM
mag, l1c, norm-magi, mag, l1d, norm-srf, HARD, DOWNSTREAM
mag, l1b, burst-mago, mag, l1d, norm-srf, SOFT_TRIGGER, DOWNSTREAM
mag, l1b, burst-magi, mag, l1d, norm-srf, SOFT_TRIGGER, DOWNSTREAM

imap_frames, spice, historical, mag, l1d, norm-srf, HARD_NO_TRIGGER, DOWNSTREAM
science_frames, spice, historical, mag, l1d, norm-srf, HARD_NO_TRIGGER, DOWNSTREAM
pointing_attitude, spice, historical, mag, l1d, norm-srf, HARD, DOWNSTREAM
attitude_history, spice, historical, mag, l1d, norm-srf, HARD, DOWNSTREAM
leapseconds, spice, historical, mag, l1d, norm-srf, HARD_NO_TRIGGER, DOWNSTREAM
spacecraft_clock, spice, historical, mag, l1d, norm-srf, HARD_NO_TRIGGER, DOWNSTREAM
ephemeris_reconstructed, spice, historical, mag, l1d, norm-srf, HARD, DOWNSTREAM
ephemeris_predicted, spice, historical, mag, l1d, norm-srf, HARD_NO_TRIGGER, DOWNSTREAM
planetary_ephemeris, spice, historical, mag, l1d, norm-srf, HARD_NO_TRIGGER, DOWNSTREAM
planetary_constants, spice, historical, mag, l1d, norm-srf, HARD_NO_TRIGGER, DOWNSTREAM
spin, spin, historical, mag, l1d, norm-srf, HARD, DOWNSTREAM

# L1C/L1B -> L2
# MAG L2 and L1D look pretty similar.
mag, l1c, norm-mago, mag, l2, norm-srf, HARD, DOWNSTREAM
mag, l1b, burst-mago, mag, l2, burst-srf, HARD, DOWNSTREAM
mag, ancillary, l2-calibration, mag, l2, norm-srf, HARD, DOWNSTREAM
mag, ancillary, l2-calibration, mag, l2, burst-srf, HARD, DOWNSTREAM
mag, ancillary, l2-norm-offsets, mag, l2, norm-srf, HARD, DOWNSTREAM
mag, ancillary, l2-burst-offsets, mag, l2, burst-srf, HARD, DOWNSTREAM

imap_frames, spice, historical, mag, l2, norm-srf, HARD_NO_TRIGGER, DOWNSTREAM
science_frames, spice, historical, mag, l2, norm-srf, HARD_NO_TRIGGER, DOWNSTREAM
pointing_attitude, spice, historical, mag, l2, norm-srf, HARD, DOWNSTREAM
attitude_history, spice, historical, mag, l2, norm-srf, HARD, DOWNSTREAM
leapseconds, spice, historical, mag, l2, norm-srf, HARD_NO_TRIGGER, DOWNSTREAM
spacecraft_clock, spice, historical, mag, l2, norm-srf, HARD_NO_TRIGGER, DOWNSTREAM
ephemeris_reconstructed, spice, historical, mag, l2, norm-srf, HARD, DOWNSTREAM
ephemeris_predicted, spice, historical, mag, l2, norm-srf, HARD_NO_TRIGGER, DOWNSTREAM
planetary_ephemeris, spice, historical, mag, l2, norm-srf, HARD_NO_TRIGGER, DOWNSTREAM
planetary_constants, spice, historical, mag, l2, norm-srf, HARD_NO_TRIGGER, DOWNSTREAM

imap_frames, spice, historical, mag, l2, burst-srf, HARD_NO_TRIGGER, DOWNSTREAM
science_frames, spice, historical, mag, l2, burst-srf, HARD_NO_TRIGGER, DOWNSTREAM
pointing_attitude, spice, historical, mag, l2, burst-srf, HARD, DOWNSTREAM
attitude_history, spice, historical, mag, l2, burst-srf, HARD, DOWNSTREAM
leapseconds, spice, historical, mag, l2, burst-srf, HARD_NO_TRIGGER, DOWNSTREAM
spacecraft_clock, spice, historical, mag, l2, burst-srf, HARD_NO_TRIGGER, DOWNSTREAM
ephemeris_reconstructed, spice, historical, mag, l2, burst-srf, HARD, DOWNSTREAM
ephemeris_predicted, spice, historical, mag, l2, burst-srf, HARD_NO_TRIGGER, DOWNSTREAM
planetary_ephemeris, spice, historical, mag, l2, burst-srf, HARD_NO_TRIGGER, DOWNSTREAM
planetary_constants, spice, historical, mag, l2, burst-srf, HARD_NO_TRIGGER, DOWNSTREAM

# <---- Spacecraft Dependencies ---->
# Quaternions
spacecraft, l0, raw, spacecraft, l1a, quaternions, HARD, DOWNSTREAM
leapseconds, spice, historical, spacecraft, l1a, quaternions, HARD_NO_TRIGGER, DOWNSTREAM
spacecraft_clock, spice, historical, spacecraft, l1a, quaternions, HARD_NO_TRIGGER, DOWNSTREAM

# Pointing kernel
repoint, repoint, historical, spacecraft, l1a, pointing-attitude, HARD, DOWNSTREAM
attitude_history, spice, historical, spacecraft, l1a, pointing-attitude, HARD, DOWNSTREAM
leapseconds, spice, historical, spacecraft, l1a, pointing-attitude, HARD_NO_TRIGGER, DOWNSTREAM
spacecraft_clock, spice, historical, spacecraft, l1a, pointing-attitude, HARD_NO_TRIGGER, DOWNSTREAM
imap_frames, spice, historical, spacecraft, l1a, pointing-attitude, HARD_NO_TRIGGER, DOWNSTREAM
science_frames, spice, historical, spacecraft, l1a, pointing-attitude, HARD_NO_TRIGGER, DOWNSTREAM

# <---- SWAPI Dependencies ---->

swapi, l0, raw, swapi, l1, hk, HARD, DOWNSTREAM
leapseconds, spice, historical, swapi, l1, hk, HARD_NO_TRIGGER, DOWNSTREAM
spacecraft_clock, spice, historical, swapi, l1, hk, HARD_NO_TRIGGER, DOWNSTREAM

swapi, l0, raw, swapi, l1, sci, HARD, DOWNSTREAM
# Need to use l1a HK data to be able to set bit-wise flags in L1 Science file.
swapi, l1a, hk, swapi, l1, sci, HARD, DOWNSTREAM
leapseconds, spice, historical, swapi, l1, sci, HARD_NO_TRIGGER, DOWNSTREAM
spacecraft_clock, spice, historical, swapi, l1, sci, HARD_NO_TRIGGER, DOWNSTREAM

swapi, l1, sci, swapi, l2, sci, HARD, DOWNSTREAM
swapi, ancillary, esa-unit-conversion, swapi, l2, sci, HARD, DOWNSTREAM
swapi, ancillary, lut-notes, swapi, l2, sci, HARD, DOWNSTREAM

swapi, l2, sci, swapi, l3a, alpha-sw, HARD, DOWNSTREAM
swapi, ancillary, clock-angle-and-flow-deflection-lut, swapi, l3a, alpha-sw, HARD_NO_TRIGGER, DOWNSTREAM
swapi, ancillary, proton-density-temperature-lut, swapi, l3a, alpha-sw, HARD_NO_TRIGGER, DOWNSTREAM
swapi, ancillary, alpha-density-temperature-lut, swapi, l3a, alpha-sw, HARD, DOWNSTREAM
swapi, ancillary, energy-gf-pui-lut, swapi, l3a, alpha-sw, HARD_NO_TRIGGER, DOWNSTREAM
swapi, ancillary, instrument-response-lut, swapi, l3a, alpha-sw, HARD_NO_TRIGGER, DOWNSTREAM
swapi, ancillary, density-of-neutral-helium-lut, swapi, l3a, alpha-sw, HARD_NO_TRIGGER, DOWNSTREAM
swapi, ancillary, efficiency-lut, swapi, l3a, alpha-sw, HARD, DOWNSTREAM
swapi, ancillary, helium-inflow-vector, swapi, l3a, alpha-sw, HARD_NO_TRIGGER, DOWNSTREAM
swapi, ancillary, hydrogen-inflow-vector, swapi, l3a, alpha-sw, HARD_NO_TRIGGER, DOWNSTREAM

swapi, l2, sci, swapi, l3a, proton-sw, HARD, DOWNSTREAM
swapi, ancillary, clock-angle-and-flow-deflection-lut, swapi, l3a, proton-sw, HARD, DOWNSTREAM
swapi, ancillary, proton-density-temperature-lut, swapi, l3a, proton-sw, HARD, DOWNSTREAM
swapi, ancillary, alpha-density-temperature-lut, swapi, l3a, proton-sw, HARD_NO_TRIGGER, DOWNSTREAM
swapi, ancillary, energy-gf-pui-lut, swapi, l3a, proton-sw, HARD_NO_TRIGGER, DOWNSTREAM
swapi, ancillary, instrument-response-lut, swapi, l3a, proton-sw, HARD_NO_TRIGGER, DOWNSTREAM
swapi, ancillary, density-of-neutral-helium-lut, swapi, l3a, proton-sw, HARD_NO_TRIGGER, DOWNSTREAM
swapi, ancillary, efficiency-lut, swapi, l3a, proton-sw, HARD, DOWNSTREAM
swapi, ancillary, helium-inflow-vector, swapi, l3a, proton-sw, HARD_NO_TRIGGER, DOWNSTREAM
swapi, ancillary, hydrogen-inflow-vector, swapi, l3a, proton-sw, HARD_NO_TRIGGER, DOWNSTREAM
attitude_history, spice, historical, swapi, l3a, proton-sw, HARD, DOWNSTREAM
leapseconds, spice, historical, swapi, l3a, proton-sw, HARD_NO_TRIGGER, DOWNSTREAM
imap_frames, spice, historical, swapi, l3a, proton-sw, HARD_NO_TRIGGER, DOWNSTREAM
spacecraft_clock, spice, historical, swapi, l3a, proton-sw, HARD_NO_TRIGGER, DOWNSTREAM
science_frames, spice, historical, swapi, l3a, proton-sw, HARD_NO_TRIGGER, DOWNSTREAM
pointing_attitude, spice, historical, swapi, l3a, proton-sw, HARD, DOWNSTREAM

swapi, l2, sci, swapi, l3a, pui-he, HARD, DOWNSTREAM
swapi, ancillary, clock-angle-and-flow-deflection-lut, swapi, l3a, pui-he, HARD, DOWNSTREAM
swapi, ancillary, proton-density-temperature-lut, swapi, l3a, pui-he, HARD_NO_TRIGGER, DOWNSTREAM
swapi, ancillary, alpha-density-temperature-lut, swapi, l3a, pui-he, HARD_NO_TRIGGER, DOWNSTREAM
swapi, ancillary, energy-gf-pui-lut, swapi, l3a, pui-he, HARD, DOWNSTREAM
swapi, ancillary, instrument-response-lut, swapi, l3a, pui-he, HARD, DOWNSTREAM
swapi, ancillary, density-of-neutral-helium-lut, swapi, l3a, pui-he, HARD, DOWNSTREAM
swapi, ancillary, efficiency-lut, swapi, l3a, pui-he, HARD_NO_TRIGGER, DOWNSTREAM
swapi, ancillary, helium-inflow-vector, swapi, l3a, pui-he, HARD, DOWNSTREAM
swapi, ancillary, hydrogen-inflow-vector, swapi, l3a, pui-he, HARD, DOWNSTREAM
ephemeris_reconstructed, spice, historical, swapi, l3a, pui-he, SOFT_NO_TRIGGER, DOWNSTREAM
ephemeris_predicted, spice, historical, swapi, l3a, pui-he, HARD, DOWNSTREAM
planetary_ephemeris, spice, historical, swapi, l3a, pui-he, HARD_NO_TRIGGER, DOWNSTREAM
attitude_history, spice, historical, swapi, l3a, pui-he, HARD, DOWNSTREAM
leapseconds, spice, historical, swapi, l3a, pui-he, HARD_NO_TRIGGER, DOWNSTREAM
spacecraft_clock, spice, historical, swapi, l3a, pui-he, HARD_NO_TRIGGER, DOWNSTREAM
imap_frames, spice, historical, swapi, l3a, pui-he, HARD_NO_TRIGGER, DOWNSTREAM
science_frames, spice, historical, swapi, l3a, pui-he, HARD_NO_TRIGGER, DOWNSTREAM
pointing_attitude, spice, historical, swapi, l3a, pui-he, HARD, DOWNSTREAM

swapi, l2, sci, swapi, l3b, combined, HARD, DOWNSTREAM
swapi, ancillary, efficiency-lut, swapi, l3b, combined, HARD, DOWNSTREAM
swapi, ancillary, energy-gf-sw-lut, swapi, l3b, combined, HARD, DOWNSTREAM

# <---- SWE Dependencies ---->

swe, l0, raw, swe, l1a, sci, HARD, DOWNSTREAM
leapseconds, spice, historical, swe, l1a, sci, HARD_NO_TRIGGER, DOWNSTREAM
spacecraft_clock, spice, historical, swe, l1a, sci, HARD_NO_TRIGGER, DOWNSTREAM

swe, l1a, sci, swe, l1b, sci, HARD, DOWNSTREAM
swe, ancillary, l1b-in-flight-cal, swe, l1b, sci, HARD, DOWNSTREAM
swe, ancillary, esa-lut, swe, l1b, sci, HARD, DOWNSTREAM
swe, ancillary, eu-conversion, swe, l1b, sci, HARD, DOWNSTREAM
leapseconds, spice, historical, swe, l1b, sci, HARD_NO_TRIGGER, DOWNSTREAM
spacecraft_clock, spice, historical, swe, l1b, sci, HARD_NO_TRIGGER, DOWNSTREAM

swe, l1b, sci, swe, l2, sci, HARD, DOWNSTREAM
spin, spin, historical, swe, l2, sci, HARD, DOWNSTREAM

swe, l1b, sci, swe, l3, sci, HARD, DOWNSTREAM
swe, l2, sci, swe, l3, sci, HARD, DOWNSTREAM
swe, ancillary, config, swe, l3, sci, HARD, DOWNSTREAM
swapi, l3a, proton-sw, swe, l3, sci, HARD, DOWNSTREAM
mag, l1d, norm-dsrf, swe, l3, sci, HARD, DOWNSTREAM
imap_frames, spice, historical, swe, l3, sci, HARD_NO_TRIGGER, DOWNSTREAM
science_frames, spice, historical, swe, l3, sci, HARD_NO_TRIGGER, DOWNSTREAM
ephemeris_reconstructed, spice, historical, swe, l3, sci, SOFT_NO_TRIGGER, DOWNSTREAM
ephemeris_predicted, spice, historical, swe, l3, sci, HARD, DOWNSTREAM
leapseconds, spice, historical, swe, l3, sci, HARD_NO_TRIGGER, DOWNSTREAM
spacecraft_clock, spice, historical, swe, l3, sci, HARD_NO_TRIGGER, DOWNSTREAM
pointing_attitude, spice, historical, swe, l3, sci, HARD_NO_TRIGGER, DOWNSTREAM
planetary_ephemeris, spice, historical, swe, l3, sci, HARD_NO_TRIGGER, DOWNSTREAM
planetary_constants, spice, historical, swe, l3, sci, HARD_NO_TRIGGER, DOWNSTREAM

# <---- ULTRA Dependencies ---->

ultra, l0, raw, ultra, l1a, all, HARD, DOWNSTREAM
leapseconds, spice, historical, ultra, l1a, all, HARD_NO_TRIGGER, DOWNSTREAM
spacecraft_clock, spice, historical, ultra, l1a, all, HARD_NO_TRIGGER, DOWNSTREAM

# Ultra-45 products
ultra, l1a, 45sensor-de, ultra, l1b, 45sensor-de, HARD, DOWNSTREAM
ultra, l1a, 45sensor-aux, ultra, l1b, 45sensor-de, HARD, DOWNSTREAM
ultra, l1a, 45sensor-params, ultra, l1b, 45sensor-extendedspin, HARD, DOWNSTREAM
ultra, l1a, 45sensor-rates, ultra, l1b, 45sensor-extendedspin, HARD, DOWNSTREAM
ultra, l1a, 45sensor-aux,ultra, l1b, 45sensor-extendedspin, HARD, DOWNSTREAM
ultra, l1b, 45sensor-de,ultra, l1b, 45sensor-extendedspin, HARD, DOWNSTREAM
ultra, l1b, 45sensor-extendedspin,ultra, l1b, 45sensor-goodtimes, HARD, DOWNSTREAM
ultra, l1b, 45sensor-extendedspin,ultra, l1b, 45sensor-badtimes, HARD, DOWNSTREAM
ultra, l1b, 45sensor-goodtimes,ultra, l1b, 45sensor-badtimes, HARD, DOWNSTREAM

# LUTS
ultra, ancillary, l1b-45sensor-logistic-interpolation, ultra, l1b, 45sensor-de, HARD, DOWNSTREAM
ultra, ancillary, l1b-45sensor-leftslit-lookup, ultra, l1b, 45sensor-de, HARD, DOWNSTREAM
ultra, ancillary, l1b-45sensor-rightslit-lookup, ultra, l1b, 45sensor-de, HARD, DOWNSTREAM
ultra, ancillary, l1b-egynorm-lookup, ultra, l1b, 45sensor-de, HARD, DOWNSTREAM
ultra, ancillary, l1b-45sensor-imgparams-lookup, ultra, l1b, 45sensor-de, HARD, DOWNSTREAM
ultra, ancillary, l1b-45sensor-back-pos-lookup, ultra, l1b, 45sensor-de, HARD, DOWNSTREAM
ultra, ancillary, l1b-45sensor-tdc-norm-lookup, ultra, l1b, 45sensor-de, HARD, DOWNSTREAM
ultra, ancillary, l1b-sensor-gf-blades, ultra, l1b, 45sensor-de, HARD, DOWNSTREAM
ultra, ancillary, l1b-sensor-gf-noblades, ultra, l1b, 45sensor-de, HARD, DOWNSTREAM
ultra, ancillary, l1b-yadjust-lookup, ultra, l1b, 45sensor-de, HARD, DOWNSTREAM
ultra, ancillary, l1b-45sensor-tofxeflat, ultra, l1b, 45sensor-de, HARD, DOWNSTREAM
ultra, ancillary, l1b-45sensor-tofxemedium, ultra, l1b, 45sensor-de, HARD, DOWNSTREAM
ultra, ancillary, l1b-45sensor-tofxesteep, ultra, l1b, 45sensor-de, HARD, DOWNSTREAM
ultra, ancillary, l1b-tofxph, ultra, l1b, 45sensor-de, HARD, DOWNSTREAM
ultra, ancillary, l1b-45sensor-spbtphcorr, ultra, l1b, 45sensor-de, HARD, DOWNSTREAM
ultra, ancillary, l1b-45sensor-sptpphcorr, ultra, l1b, 45sensor-de, HARD, DOWNSTREAM
ultra, ancillary, l1b-scattering-thresholds-per-energy, ultra, l1b, 45sensor-de, HARD, DOWNSTREAM
ultra, ancillary, l1b-90sensor-scattering-calibration-data, ultra, l1b, 45sensor-de, HARD, DOWNSTREAM

spacecraft_clock, spice, historical, ultra, l1b, 45sensor-de, HARD_NO_TRIGGER, DOWNSTREAM
leapseconds, spice, historical, ultra, l1b, 45sensor-de, HARD_NO_TRIGGER, DOWNSTREAM
ephemeris_reconstructed, spice, historical, ultra, l1b, 45sensor-de, HARD, DOWNSTREAM
ephemeris_predicted, spice, historical, ultra, l1b, 45sensor-de, HARD_NO_TRIGGER, DOWNSTREAM
ephemeris_90days, spice, historical, ultra, l1b, 45sensor-de, HARD_NO_TRIGGER, DOWNSTREAM
attitude_history, spice, historical, ultra, l1b, 45sensor-de, HARD, DOWNSTREAM
imap_frames, spice, historical, ultra, l1b, 45sensor-de, HARD_NO_TRIGGER, DOWNSTREAM
science_frames, spice, historical, ultra, l1b, 45sensor-de, HARD_NO_TRIGGER, DOWNSTREAM
planetary_ephemeris, spice, historical, ultra, l1b, 45sensor-de, HARD_NO_TRIGGER, DOWNSTREAM
pointing_attitude, spice, historical, ultra, l1b, 45sensor-de, HARD, DOWNSTREAM
repoint, repoint, historical, ultra, l1b, 45sensor-de, HARD, DOWNSTREAM
spin, spin, historical, ultra, l1b, 45sensor-de, HARD, DOWNSTREAM

spin, spin, historical, ultra, l1b, 45sensor-extendedspin, HARD, DOWNSTREAM

ultra, l1b, 45sensor-de, ultra, l1c, 45sensor-spacecraftpset, HARD, DOWNSTREAM
ultra, l1a, 45sensor-rates, ultra, l1c, 45sensor-spacecraftpset, HARD, DOWNSTREAM
ultra, l1a, 45sensor-aux, ultra, l1c, 45sensor-spacecraftpset, HARD, DOWNSTREAM
ultra, l1b, 45sensor-goodtimes, ultra, l1c, 45sensor-spacecraftpset, HARD, DOWNSTREAM
ultra, l1b, 45sensor-de, ultra, l1c, 45sensor-heliopset, HARD, DOWNSTREAM
ultra, l1a, 45sensor-rates, ultra, l1c, 45sensor-heliopset, HARD, DOWNSTREAM
ultra, l1a, 45sensor-aux, ultra, l1c, 45sensor-heliopset, HARD, DOWNSTREAM
ultra, l1b, 45sensor-goodtimes, ultra, l1c, 45sensor-heliopset, HARD, DOWNSTREAM

ultra, ancillary, l1b-90sensor-scattering-calibration-data, ultra, l1c, 45sensor-spacecraftpset, HARD, DOWNSTREAM
ultra, ancillary, l1c-45sensor-sc-pointing-theta, ultra, l1c, 45sensor-spacecraftpset, HARD, DOWNSTREAM
ultra, ancillary, l1c-45sensor-sc-pointing-phi, ultra, l1c, 45sensor-spacecraftpset, HARD, DOWNSTREAM
ultra, ancillary, l1c-45sensor-sc-pointing-index, ultra, l1c, 45sensor-spacecraftpset, HARD, DOWNSTREAM
ultra, ancillary, l1c-45sensor-sc-pointing-bsf, ultra, l1c, 45sensor-spacecraftpset, HARD, DOWNSTREAM
ultra, ancillary, l1b-scattering-thresholds-per-energy, ultra, l1c, 45sensor-spacecraftpset, HARD, DOWNSTREAM
ultra, ancillary, l1b-sensor-gf-blades, ultra, l1c, 45sensor-spacecraftpset, HARD, DOWNSTREAM
ultra, ancillary, l1b-45sensor-logistic-interpolation, ultra, l1c, 45sensor-spacecraftpset, HARD, DOWNSTREAM
ultra, ancillary, l1b-scattering-thresholds-per-energy, ultra, l1c, 45sensor-spacecraftpset, HARD, DOWNSTREAM
ultra, ancillary, l1b-45sensor-imgparams-lookup, ultra, l1c, 45sensor-spacecraftpset, HARD, DOWNSTREAM
ultra, ancillary, l1c-45sensor-static-dead-times, ultra, l1c, 45sensor-spacecraftpset, HARD, DOWNSTREAM
ultra, ancillary, l1b-90sensor-scattering-calibration-data, ultra, l1c, 45sensor-heliopset, HARD, DOWNSTREAM
ultra, ancillary, l1b-scattering-thresholds-per-energy, ultra, l1c, 45sensor-heliopset, HARD, DOWNSTREAM
ultra, ancillary, l1b-sensor-gf-blades, ultra, l1c, 45sensor-heliopset, HARD, DOWNSTREAM
ultra, ancillary, l1b-45sensor-logistic-interpolation, ultra, l1c, 45sensor-heliopset, HARD, DOWNSTREAM
ultra, ancillary, l1b-scattering-thresholds-per-energy, ultra, l1c, 45sensor-heliopset, HARD, DOWNSTREAM
ultra, ancillary, l1b-45sensor-imgparams-lookup, ultra, l1c, 45sensor-heliopset, HARD, DOWNSTREAM
ultra, ancillary, l1c-45sensor-static-dead-times, ultra, l1c, 45sensor-heliopset, HARD, DOWNSTREAM

repoint, repoint, historical, ultra, l1c, 45sensor-spacecraftpset, HARD, DOWNSTREAM
spacecraft_clock, spice, historical, ultra, l1c, 45sensor-spacecraftpset, HARD_NO_TRIGGER, DOWNSTREAM
leapseconds, spice, historical, ultra, l1c, 45sensor-spacecraftpset, HARD_NO_TRIGGER, DOWNSTREAM
planetary_ephemeris, spice, historical, ultra, l1c, 45sensor-spacecraftpset, HARD_NO_TRIGGER, DOWNSTREAM
pointing_attitude, spice, historical, ultra, l1c, 45sensor-spacecraftpset, HARD, DOWNSTREAM
science_frames, spice, historical, ultra, l1c, 45sensor-spacecraftpset, HARD_NO_TRIGGER, DOWNSTREAM
spin, spin, historical, ultra, l1c, 45sensor-spacecraftpset, HARD_NO_TRIGGER, DOWNSTREAM
attitude_history, spice, historical, ultra, l1c, 45sensor-spacecraftpset, HARD, DOWNSTREAM
ephemeris_reconstructed, spice, historical, ultra, l1c, 45sensor-spacecraftpset, HARD, DOWNSTREAM
ephemeris_predicted, spice, historical, ultra, l1c, 45sensor-spacecraftpset, HARD_NO_TRIGGER, DOWNSTREAM
repoint, repoint, historical, ultra, l1c, 45sensor-heliopset, HARD, DOWNSTREAM
spacecraft_clock, spice, historical, ultra, l1c, 45sensor-heliopset, HARD_NO_TRIGGER, DOWNSTREAM
leapseconds, spice, historical, ultra, l1c, 45sensor-heliopset, HARD_NO_TRIGGER, DOWNSTREAM
ephemeris_reconstructed, spice, historical, ultra, l1c, 45sensor-heliopset, HARD, DOWNSTREAM
ephemeris_predicted, spice, historical, ultra, l1c, 45sensor-heliopset, HARD_NO_TRIGGER, DOWNSTREAM
ephemeris_90days, spice, historical, ultra, l1c, 45sensor-heliopset, HARD_NO_TRIGGER, DOWNSTREAM
attitude_history, spice, historical, ultra, l1c, 45sensor-heliopset, HARD, DOWNSTREAM
imap_frames, spice, historical, ultra, l1c, 45sensor-heliopset, HARD_NO_TRIGGER, DOWNSTREAM
science_frames, spice, historical, ultra, l1c, 45sensor-heliopset, HARD_NO_TRIGGER, DOWNSTREAM
planetary_ephemeris, spice, historical, ultra, l1c, 45sensor-heliopset, HARD_NO_TRIGGER, DOWNSTREAM
pointing_attitude, spice, historical, ultra, l1c, 45sensor-heliopset, HARD, DOWNSTREAM
spin, spin, historical, ultra, l1c, 45sensor-heliopset, HARD_NO_TRIGGER, DOWNSTREAM

# Ultra-90 products
ultra, l1a, 90sensor-de, ultra, l1b, 90sensor-de, HARD, DOWNSTREAM
ultra, l1a, 90sensor-aux, ultra, l1b, 90sensor-de, HARD, DOWNSTREAM
ultra, l1a, 90sensor-params, ultra, l1b, 90sensor-extendedspin, HARD, DOWNSTREAM
ultra, l1a, 90sensor-rates, ultra, l1b, 90sensor-extendedspin, HARD, DOWNSTREAM
ultra, l1a, 90sensor-aux,ultra, l1b, 90sensor-extendedspin, HARD, DOWNSTREAM
ultra, l1b, 90sensor-de,ultra, l1b, 90sensor-extendedspin, HARD, DOWNSTREAM
ultra, l1b, 90sensor-extendedspin,ultra, l1b, 90sensor-goodtimes, HARD, DOWNSTREAM
ultra, l1b, 90sensor-extendedspin,ultra, l1b, 90sensor-badtimes, HARD, DOWNSTREAM
ultra, l1b, 90sensor-goodtimes,ultra, l1b, 90sensor-badtimes, HARD, DOWNSTREAM

ultra, ancillary, l1b-45sensor-logistic-interpolation, ultra, l1b, 90sensor-de, HARD, DOWNSTREAM
ultra, ancillary, l1b-90sensor-leftslit-lookup, ultra, l1b, 90sensor-de, HARD, DOWNSTREAM
ultra, ancillary, l1b-90sensor-rightslit-lookup, ultra, l1b, 90sensor-de, HARD, DOWNSTREAM
ultra, ancillary, l1b-egynorm-lookup, ultra, l1b, 90sensor-de, HARD, DOWNSTREAM
ultra, ancillary, l1b-90sensor-imgparams-lookup, ultra, l1b, 90sensor-de, HARD, DOWNSTREAM
ultra, ancillary, l1b-90sensor-back-pos-lookup, ultra, l1b, 90sensor-de, HARD, DOWNSTREAM
ultra, ancillary, l1b-90sensor-tdc-norm-lookup, ultra, l1b, 90sensor-de, HARD, DOWNSTREAM
ultra, ancillary, l1b-sensor-gf-blades, ultra, l1b, 90sensor-de, HARD, DOWNSTREAM
ultra, ancillary, l1b-sensor-gf-noblades, ultra, l1b, 90sensor-de, HARD, DOWNSTREAM
ultra, ancillary, l1b-yadjust-lookup, ultra, l1b, 90sensor-de, HARD, DOWNSTREAM
ultra, ancillary, l1b-90sensor-tofxeflat, ultra, l1b, 90sensor-de, HARD, DOWNSTREAM
ultra, ancillary, l1b-90sensor-tofxemedium, ultra, l1b, 90sensor-de, HARD, DOWNSTREAM
ultra, ancillary, l1b-90sensor-tofxesteep, ultra, l1b, 90sensor-de, HARD, DOWNSTREAM
ultra, ancillary, l1b-tofxph, ultra, l1b, 90sensor-de, HARD, DOWNSTREAM
ultra, ancillary, l1b-90sensor-spbtphcorr, ultra, l1b, 90sensor-de, HARD, DOWNSTREAM
ultra, ancillary, l1b-90sensor-sptpphcorr, ultra, l1b, 90sensor-de, HARD, DOWNSTREAM
ultra, ancillary, l1b-scattering-thresholds-per-energy, ultra, l1b, 90sensor-de, HARD, DOWNSTREAM
ultra, ancillary, l1b-90sensor-scattering-calibration-data, ultra, l1b, 90sensor-de, HARD, DOWNSTREAM

spacecraft_clock, spice, historical, ultra, l1b, 90sensor-de, HARD_NO_TRIGGER, DOWNSTREAM
leapseconds, spice, historical, ultra, l1b, 90sensor-de, HARD_NO_TRIGGER, DOWNSTREAM
ephemeris_reconstructed, spice, historical, ultra, l1b, 90sensor-de, HARD, DOWNSTREAM
ephemeris_predicted, spice, historical, ultra, l1b, 90sensor-de, HARD_NO_TRIGGER, DOWNSTREAM
ephemeris_90days, spice, historical, ultra, l1b, 90sensor-de, HARD_NO_TRIGGER, DOWNSTREAM
attitude_history, spice, historical, ultra, l1b, 90sensor-de, HARD, DOWNSTREAM
imap_frames, spice, historical, ultra, l1b, 90sensor-de, HARD_NO_TRIGGER, DOWNSTREAM
science_frames, spice, historical, ultra, l1b, 90sensor-de, HARD_NO_TRIGGER, DOWNSTREAM
planetary_ephemeris, spice, historical, ultra, l1b, 90sensor-de, HARD_NO_TRIGGER, DOWNSTREAM
pointing_attitude, spice, historical, ultra, l1b, 90sensor-de, HARD, DOWNSTREAM
repoint, repoint, historical, ultra, l1b, 90sensor-de, HARD, DOWNSTREAM
spin, spin, historical, ultra, l1b, 90sensor-de, HARD, DOWNSTREAM

spin, spin, historical, ultra, l1b, 90sensor-extendedspin, HARD, DOWNSTREAM

ultra, l1b, 90sensor-de, ultra, l1c, 90sensor-spacecraftpset, HARD, DOWNSTREAM
ultra, l1a, 90sensor-rates, ultra, l1c, 90sensor-spacecraftpset, HARD, DOWNSTREAM
ultra, l1a, 90sensor-aux, ultra, l1c, 90sensor-spacecraftpset, HARD, DOWNSTREAM
ultra, l1b, 90sensor-goodtimes, ultra, l1c, 90sensor-spacecraftpset, HARD, DOWNSTREAM
ultra, l1b, 90sensor-de, ultra, l1c, 90sensor-heliopset, HARD, DOWNSTREAM
ultra, l1a, 90sensor-rates, ultra, l1c, 90sensor-heliopset, HARD, DOWNSTREAM
ultra, l1a, 90sensor-aux, ultra, l1c, 90sensor-heliopset, HARD, DOWNSTREAM
ultra, l1b, 90sensor-goodtimes, ultra, l1c, 90sensor-heliopset, HARD, DOWNSTREAM

ultra, ancillary, l1b-90sensor-scattering-calibration-data, ultra, l1c, 90sensor-spacecraftpset, HARD, DOWNSTREAM
ultra, ancillary, l1c-90sensor-sc-pointing-theta, ultra, l1c, 90sensor-spacecraftpset, HARD, DOWNSTREAM
ultra, ancillary, l1c-90sensor-sc-pointing-phi, ultra, l1c, 90sensor-spacecraftpset, HARD, DOWNSTREAM
ultra, ancillary, l1c-90sensor-sc-pointing-index, ultra, l1c, 90sensor-spacecraftpset, HARD, DOWNSTREAM
ultra, ancillary, l1c-90sensor-sc-pointing-bsf, ultra, l1c, 90sensor-spacecraftpset, HARD, DOWNSTREAM
ultra, ancillary, l1b-scattering-thresholds-per-energy, ultra, l1c, 90sensor-spacecraftpset, HARD, DOWNSTREAM
ultra, ancillary, l1b-sensor-gf-blades, ultra, l1c, 90sensor-spacecraftpset, HARD, DOWNSTREAM
ultra, ancillary, l1b-45sensor-logistic-interpolation, ultra, l1c, 90sensor-spacecraftpset, HARD, DOWNSTREAM
ultra, ancillary, l1b-scattering-thresholds-per-energy, ultra, l1c, 90sensor-spacecraftpset, HARD, DOWNSTREAM
ultra, ancillary, l1b-90sensor-imgparams-lookup, ultra, l1c, 90sensor-spacecraftpset, HARD, DOWNSTREAM
ultra, ancillary, l1c-90sensor-static-dead-times, ultra, l1c, 90sensor-spacecraftpset, HARD, DOWNSTREAM
ultra, ancillary, l1b-90sensor-scattering-calibration-data, ultra, l1c, 90sensor-heliopset, HARD, DOWNSTREAM
ultra, ancillary, l1b-scattering-thresholds-per-energy, ultra, l1c, 90sensor-heliopset, HARD, DOWNSTREAM
ultra, ancillary, l1b-sensor-gf-blades, ultra, l1c, 90sensor-heliopset, HARD, DOWNSTREAM
ultra, ancillary, l1b-45sensor-logistic-interpolation, ultra, l1c, 90sensor-heliopset, HARD, DOWNSTREAM
ultra, ancillary, l1b-scattering-thresholds-per-energy, ultra, l1c, 90sensor-heliopset, HARD, DOWNSTREAM
ultra, ancillary, l1b-90sensor-imgparams-lookup, ultra, l1c, 90sensor-heliopset, HARD, DOWNSTREAM
ultra, ancillary, l1c-90sensor-static-dead-times, ultra, l1c, 90sensor-heliopset, HARD, DOWNSTREAM

repoint, repoint, historical, ultra, l1c, 90sensor-spacecraftpset, HARD, DOWNSTREAM
spacecraft_clock, spice, historical, ultra, l1c, 90sensor-spacecraftpset, HARD_NO_TRIGGER, DOWNSTREAM
leapseconds, spice, historical, ultra, l1c, 90sensor-spacecraftpset, HARD_NO_TRIGGER, DOWNSTREAM
planetary_ephemeris, spice, historical, ultra, l1c, 90sensor-spacecraftpset, HARD_NO_TRIGGER, DOWNSTREAM
pointing_attitude, spice, historical, ultra, l1c, 90sensor-spacecraftpset, HARD, DOWNSTREAM
science_frames, spice, historical, ultra, l1c, 90sensor-spacecraftpset, HARD_NO_TRIGGER, DOWNSTREAM
spin, spin, historical, ultra, l1c, 90sensor-spacecraftpset, HARD_NO_TRIGGER, DOWNSTREAM
attitude_history, spice, historical, ultra, l1c, 90sensor-spacecraftpset, HARD, DOWNSTREAM
ephemeris_reconstructed, spice, historical, ultra, l1c, 90sensor-spacecraftpset, HARD, DOWNSTREAM
ephemeris_predicted, spice, historical, ultra, l1c, 90sensor-spacecraftpset, HARD_NO_TRIGGER, DOWNSTREAM
repoint, repoint, historical, ultra, l1c, 90sensor-heliopset, HARD, DOWNSTREAM
spacecraft_clock, spice, historical, ultra, l1c, 90sensor-heliopset, HARD_NO_TRIGGER, DOWNSTREAM
leapseconds, spice, historical, ultra, l1c, 90sensor-heliopset, HARD_NO_TRIGGER, DOWNSTREAM
ephemeris_reconstructed, spice, historical, ultra, l1c, 90sensor-heliopset, HARD, DOWNSTREAM
ephemeris_predicted, spice, historical, ultra, l1c, 90sensor-heliopset, HARD_NO_TRIGGER, DOWNSTREAM
ephemeris_90days, spice, historical, ultra, l1c, 90sensor-heliopset, HARD_NO_TRIGGER, DOWNSTREAM
attitude_history, spice, historical, ultra, l1c, 90sensor-heliopset, HARD, DOWNSTREAM
imap_frames, spice, historical, ultra, l1c, 90sensor-heliopset, HARD_NO_TRIGGER, DOWNSTREAM
science_frames, spice, historical, ultra, l1c, 90sensor-heliopset, HARD_NO_TRIGGER, DOWNSTREAM
planetary_ephemeris, spice, historical, ultra, l1c, 90sensor-heliopset, HARD_NO_TRIGGER, DOWNSTREAM
pointing_attitude, spice, historical, ultra, l1c, 90sensor-heliopset, HARD, DOWNSTREAM
spin, spin, historical, ultra, l1c, 90sensor-heliopset, HARD_NO_TRIGGER, DOWNSTREAM

# L2 ENA Map Names break down as:
# <short instrument (and sensor) descriptor>-<principal data quantity>-<species>-<reference frame>-...cont...
# <survival corrected?>-<spin phase>-<coordinate system>-<resolution>-<duration>
# E.g. u90-ena-h-hf-nsp-full-hae-2deg-3mo is an Ultra 90sensor ENA intensity map of H neutrals, in the heliospheric
# inertial frame, with no survival correction, full spin phase coverage, in the HAE coordinate system,
# at 2 degree resolution, with data taken over a 3 month period.

# Ultra L2 Map Dependencies:
# at least 36 different maps will be made - with the following parameters...
# 3 different time periods              (3mo,       6mo,    1yr)
# 3 different map spacings/resolutions  (2deg,      4deg,   6deg)
# 2 different sensors                   (45sensor,  90sensor)
# 2 different reference frames          (hf,        sf)
ultra, l1c, 90sensor-heliopset, ultra, l2, u90-ena-h-hf-nsp-full-hae-2deg-3mo, HARD_NO_TRIGGER, DOWNSTREAM
ultra, l1c, 90sensor-spacecraftpset, ultra, l2, u90-ena-h-sf-nsp-full-hae-2deg-3mo, HARD_NO_TRIGGER, DOWNSTREAM
ultra, l1c, 45sensor-heliopset, ultra, l2, u45-ena-h-hf-nsp-full-hae-2deg-3mo, HARD_NO_TRIGGER, DOWNSTREAM
ultra, l1c, 45sensor-spacecraftpset, ultra, l2, u45-ena-h-sf-nsp-full-hae-2deg-3mo, HARD_NO_TRIGGER, DOWNSTREAM
ultra, l1c, 90sensor-heliopset, ultra, l2, u90-ena-h-hf-nsp-full-hae-4deg-3mo, HARD_NO_TRIGGER, DOWNSTREAM
ultra, l1c, 90sensor-spacecraftpset, ultra, l2, u90-ena-h-sf-nsp-full-hae-4deg-3mo, HARD_NO_TRIGGER, DOWNSTREAM
ultra, l1c, 45sensor-heliopset, ultra, l2, u45-ena-h-hf-nsp-full-hae-4deg-3mo, HARD_NO_TRIGGER, DOWNSTREAM
ultra, l1c, 45sensor-spacecraftpset, ultra, l2, u45-ena-h-sf-nsp-full-hae-4deg-3mo, HARD_NO_TRIGGER, DOWNSTREAM
ultra, l1c, 90sensor-heliopset, ultra, l2, u90-ena-h-hf-nsp-full-hae-6deg-3mo, HARD_NO_TRIGGER, DOWNSTREAM
ultra, l1c, 90sensor-spacecraftpset, ultra, l2, u90-ena-h-sf-nsp-full-hae-6deg-3mo, HARD_NO_TRIGGER, DOWNSTREAM
ultra, l1c, 45sensor-heliopset, ultra, l2, u45-ena-h-hf-nsp-full-hae-6deg-3mo, HARD_NO_TRIGGER, DOWNSTREAM
ultra, l1c, 45sensor-spacecraftpset, ultra, l2, u45-ena-h-sf-nsp-full-hae-6deg-3mo, HARD_NO_TRIGGER, DOWNSTREAM
ultra, l1c, 90sensor-heliopset, ultra, l2, u90-ena-h-hf-nsp-full-hae-2deg-6mo, HARD_NO_TRIGGER, DOWNSTREAM
ultra, l1c, 90sensor-spacecraftpset, ultra, l2, u90-ena-h-sf-nsp-full-hae-2deg-6mo, HARD_NO_TRIGGER, DOWNSTREAM
ultra, l1c, 45sensor-heliopset, ultra, l2, u45-ena-h-hf-nsp-full-hae-2deg-6mo, HARD_NO_TRIGGER, DOWNSTREAM
ultra, l1c, 45sensor-spacecraftpset, ultra, l2, u45-ena-h-sf-nsp-full-hae-2deg-6mo, HARD_NO_TRIGGER, DOWNSTREAM
ultra, l1c, 90sensor-heliopset, ultra, l2, u90-ena-h-hf-nsp-full-hae-4deg-6mo, HARD_NO_TRIGGER, DOWNSTREAM
ultra, l1c, 90sensor-spacecraftpset, ultra, l2, u90-ena-h-sf-nsp-full-hae-4deg-6mo, HARD_NO_TRIGGER, DOWNSTREAM
ultra, l1c, 45sensor-heliopset, ultra, l2, u45-ena-h-hf-nsp-full-hae-4deg-6mo, HARD_NO_TRIGGER, DOWNSTREAM
ultra, l1c, 45sensor-spacecraftpset, ultra, l2, u45-ena-h-sf-nsp-full-hae-4deg-6mo, HARD_NO_TRIGGER, DOWNSTREAM
ultra, l1c, 90sensor-heliopset, ultra, l2, u90-ena-h-hf-nsp-full-hae-6deg-6mo, HARD_NO_TRIGGER, DOWNSTREAM
ultra, l1c, 90sensor-spacecraftpset, ultra, l2, u90-ena-h-sf-nsp-full-hae-6deg-6mo, HARD_NO_TRIGGER, DOWNSTREAM
ultra, l1c, 45sensor-heliopset, ultra, l2, u45-ena-h-hf-nsp-full-hae-6deg-6mo, HARD_NO_TRIGGER, DOWNSTREAM
ultra, l1c, 45sensor-spacecraftpset, ultra, l2, u45-ena-h-sf-nsp-full-hae-6deg-6mo, HARD_NO_TRIGGER, DOWNSTREAM
ultra, l1c, 90sensor-heliopset, ultra, l2, u90-ena-h-hf-nsp-full-hae-2deg-1yr, HARD_NO_TRIGGER, DOWNSTREAM
ultra, l1c, 90sensor-spacecraftpset, ultra, l2, u90-ena-h-sf-nsp-full-hae-2deg-1yr, HARD_NO_TRIGGER, DOWNSTREAM
ultra, l1c, 45sensor-heliopset, ultra, l2, u45-ena-h-hf-nsp-full-hae-2deg-1yr, HARD_NO_TRIGGER, DOWNSTREAM
ultra, l1c, 45sensor-spacecraftpset, ultra, l2, u45-ena-h-sf-nsp-full-hae-2deg-1yr, HARD_NO_TRIGGER, DOWNSTREAM
ultra, l1c, 90sensor-heliopset, ultra, l2, u90-ena-h-hf-nsp-full-hae-4deg-1yr, HARD_NO_TRIGGER, DOWNSTREAM
ultra, l1c, 90sensor-spacecraftpset, ultra, l2, u90-ena-h-sf-nsp-full-hae-4deg-1yr, HARD_NO_TRIGGER, DOWNSTREAM
ultra, l1c, 45sensor-heliopset, ultra, l2, u45-ena-h-hf-nsp-full-hae-4deg-1yr, HARD_NO_TRIGGER, DOWNSTREAM
ultra, l1c, 45sensor-spacecraftpset, ultra, l2, u45-ena-h-sf-nsp-full-hae-4deg-1yr, HARD_NO_TRIGGER, DOWNSTREAM
ultra, l1c, 90sensor-heliopset, ultra, l2, u90-ena-h-hf-nsp-full-hae-6deg-1yr, HARD_NO_TRIGGER, DOWNSTREAM
ultra, l1c, 90sensor-spacecraftpset, ultra, l2, u90-ena-h-sf-nsp-full-hae-6deg-1yr, HARD_NO_TRIGGER, DOWNSTREAM
ultra, l1c, 45sensor-heliopset, ultra, l2, u45-ena-h-hf-nsp-full-hae-6deg-1yr, HARD_NO_TRIGGER, DOWNSTREAM
ultra, l1c, 45sensor-spacecraftpset, ultra, l2, u45-ena-h-sf-nsp-full-hae-6deg-1yr, HARD_NO_TRIGGER, DOWNSTREAM


# Ultra L2 depends on the following Spice products:
# spacecraft clock kernel, leap seconds kernel, imap frame kernel, pointing attitude kernel, science frame kernel
# Specify science_frames kernel for all Ultra L2 ENA Maps
science_frames, spice, historical, ultra, l2, u45-ena-h-hf-nsp-full-hae-2deg-1yr, HARD_NO_TRIGGER, DOWNSTREAM
science_frames, spice, historical, ultra, l2, u45-ena-h-hf-nsp-full-hae-2deg-3mo, HARD_NO_TRIGGER, DOWNSTREAM
science_frames, spice, historical, ultra, l2, u45-ena-h-hf-nsp-full-hae-2deg-6mo, HARD_NO_TRIGGER, DOWNSTREAM
science_frames, spice, historical, ultra, l2, u45-ena-h-hf-nsp-full-hae-4deg-1yr, HARD_NO_TRIGGER, DOWNSTREAM
science_frames, spice, historical, ultra, l2, u45-ena-h-hf-nsp-full-hae-4deg-3mo, HARD_NO_TRIGGER, DOWNSTREAM
science_frames, spice, historical, ultra, l2, u45-ena-h-hf-nsp-full-hae-4deg-6mo, HARD_NO_TRIGGER, DOWNSTREAM
science_frames, spice, historical, ultra, l2, u45-ena-h-hf-nsp-full-hae-6deg-1yr, HARD_NO_TRIGGER, DOWNSTREAM
science_frames, spice, historical, ultra, l2, u45-ena-h-hf-nsp-full-hae-6deg-3mo, HARD_NO_TRIGGER, DOWNSTREAM
science_frames, spice, historical, ultra, l2, u45-ena-h-hf-nsp-full-hae-6deg-6mo, HARD_NO_TRIGGER, DOWNSTREAM
science_frames, spice, historical, ultra, l2, u45-ena-h-sf-nsp-full-hae-2deg-1yr, HARD_NO_TRIGGER, DOWNSTREAM
science_frames, spice, historical, ultra, l2, u45-ena-h-sf-nsp-full-hae-2deg-3mo, HARD_NO_TRIGGER, DOWNSTREAM
science_frames, spice, historical, ultra, l2, u45-ena-h-sf-nsp-full-hae-2deg-6mo, HARD_NO_TRIGGER, DOWNSTREAM
science_frames, spice, historical, ultra, l2, u45-ena-h-sf-nsp-full-hae-4deg-1yr, HARD_NO_TRIGGER, DOWNSTREAM
science_frames, spice, historical, ultra, l2, u45-ena-h-sf-nsp-full-hae-4deg-3mo, HARD_NO_TRIGGER, DOWNSTREAM
science_frames, spice, historical, ultra, l2, u45-ena-h-sf-nsp-full-hae-4deg-6mo, HARD_NO_TRIGGER, DOWNSTREAM
science_frames, spice, historical, ultra, l2, u45-ena-h-sf-nsp-full-hae-6deg-1yr, HARD_NO_TRIGGER, DOWNSTREAM
science_frames, spice, historical, ultra, l2, u45-ena-h-sf-nsp-full-hae-6deg-3mo, HARD_NO_TRIGGER, DOWNSTREAM
science_frames, spice, historical, ultra, l2, u45-ena-h-sf-nsp-full-hae-6deg-6mo, HARD_NO_TRIGGER, DOWNSTREAM
science_frames, spice, historical, ultra, l2, u90-ena-h-hf-nsp-full-hae-2deg-1yr, HARD_NO_TRIGGER, DOWNSTREAM
science_frames, spice, historical, ultra, l2, u90-ena-h-hf-nsp-full-hae-2deg-3mo, HARD_NO_TRIGGER, DOWNSTREAM
science_frames, spice, historical, ultra, l2, u90-ena-h-hf-nsp-full-hae-2deg-6mo, HARD_NO_TRIGGER, DOWNSTREAM
science_frames, spice, historical, ultra, l2, u90-ena-h-hf-nsp-full-hae-4deg-1yr, HARD_NO_TRIGGER, DOWNSTREAM
science_frames, spice, historical, ultra, l2, u90-ena-h-hf-nsp-full-hae-4deg-3mo, HARD_NO_TRIGGER, DOWNSTREAM
science_frames, spice, historical, ultra, l2, u90-ena-h-hf-nsp-full-hae-4deg-6mo, HARD_NO_TRIGGER, DOWNSTREAM
science_frames, spice, historical, ultra, l2, u90-ena-h-hf-nsp-full-hae-6deg-1yr, HARD_NO_TRIGGER, DOWNSTREAM
science_frames, spice, historical, ultra, l2, u90-ena-h-hf-nsp-full-hae-6deg-3mo, HARD_NO_TRIGGER, DOWNSTREAM
science_frames, spice, historical, ultra, l2, u90-ena-h-hf-nsp-full-hae-6deg-6mo, HARD_NO_TRIGGER, DOWNSTREAM
science_frames, spice, historical, ultra, l2, u90-ena-h-sf-nsp-full-hae-2deg-1yr, HARD_NO_TRIGGER, DOWNSTREAM
science_frames, spice, historical, ultra, l2, u90-ena-h-sf-nsp-full-hae-2deg-3mo, HARD_NO_TRIGGER, DOWNSTREAM
science_frames, spice, historical, ultra, l2, u90-ena-h-sf-nsp-full-hae-2deg-6mo, HARD_NO_TRIGGER, DOWNSTREAM
science_frames, spice, historical, ultra, l2, u90-ena-h-sf-nsp-full-hae-4deg-1yr, HARD_NO_TRIGGER, DOWNSTREAM
science_frames, spice, historical, ultra, l2, u90-ena-h-sf-nsp-full-hae-4deg-3mo, HARD_NO_TRIGGER, DOWNSTREAM
science_frames, spice, historical, ultra, l2, u90-ena-h-sf-nsp-full-hae-4deg-6mo, HARD_NO_TRIGGER, DOWNSTREAM
science_frames, spice, historical, ultra, l2, u90-ena-h-sf-nsp-full-hae-6deg-1yr, HARD_NO_TRIGGER, DOWNSTREAM
science_frames, spice, historical, ultra, l2, u90-ena-h-sf-nsp-full-hae-6deg-3mo, HARD_NO_TRIGGER, DOWNSTREAM
science_frames, spice, historical, ultra, l2, u90-ena-h-sf-nsp-full-hae-6deg-6mo, HARD_NO_TRIGGER, DOWNSTREAM
# Specify spacecraft_clock kernel for all Ultra L2 ENA Maps
spacecraft_clock, spice, historical, ultra, l2, u45-ena-h-hf-nsp-full-hae-2deg-1yr, HARD_NO_TRIGGER, DOWNSTREAM
spacecraft_clock, spice, historical, ultra, l2, u45-ena-h-hf-nsp-full-hae-2deg-3mo, HARD_NO_TRIGGER, DOWNSTREAM
spacecraft_clock, spice, historical, ultra, l2, u45-ena-h-hf-nsp-full-hae-2deg-6mo, HARD_NO_TRIGGER, DOWNSTREAM
spacecraft_clock, spice, historical, ultra, l2, u45-ena-h-hf-nsp-full-hae-4deg-1yr, HARD_NO_TRIGGER, DOWNSTREAM
spacecraft_clock, spice, historical, ultra, l2, u45-ena-h-hf-nsp-full-hae-4deg-3mo, HARD_NO_TRIGGER, DOWNSTREAM
spacecraft_clock, spice, historical, ultra, l2, u45-ena-h-hf-nsp-full-hae-4deg-6mo, HARD_NO_TRIGGER, DOWNSTREAM
spacecraft_clock, spice, historical, ultra, l2, u45-ena-h-hf-nsp-full-hae-6deg-1yr, HARD_NO_TRIGGER, DOWNSTREAM
spacecraft_clock, spice, historical, ultra, l2, u45-ena-h-hf-nsp-full-hae-6deg-3mo, HARD_NO_TRIGGER, DOWNSTREAM
spacecraft_clock, spice, historical, ultra, l2, u45-ena-h-hf-nsp-full-hae-6deg-6mo, HARD_NO_TRIGGER, DOWNSTREAM
spacecraft_clock, spice, historical, ultra, l2, u45-ena-h-sf-nsp-full-hae-2deg-1yr, HARD_NO_TRIGGER, DOWNSTREAM
spacecraft_clock, spice, historical, ultra, l2, u45-ena-h-sf-nsp-full-hae-2deg-3mo, HARD_NO_TRIGGER, DOWNSTREAM
spacecraft_clock, spice, historical, ultra, l2, u45-ena-h-sf-nsp-full-hae-2deg-6mo, HARD_NO_TRIGGER, DOWNSTREAM
spacecraft_clock, spice, historical, ultra, l2, u45-ena-h-sf-nsp-full-hae-4deg-1yr, HARD_NO_TRIGGER, DOWNSTREAM
spacecraft_clock, spice, historical, ultra, l2, u45-ena-h-sf-nsp-full-hae-4deg-3mo, HARD_NO_TRIGGER, DOWNSTREAM
spacecraft_clock, spice, historical, ultra, l2, u45-ena-h-sf-nsp-full-hae-4deg-6mo, HARD_NO_TRIGGER, DOWNSTREAM
spacecraft_clock, spice, historical, ultra, l2, u45-ena-h-sf-nsp-full-hae-6deg-1yr, HARD_NO_TRIGGER, DOWNSTREAM
spacecraft_clock, spice, historical, ultra, l2, u45-ena-h-sf-nsp-full-hae-6deg-3mo, HARD_NO_TRIGGER, DOWNSTREAM
spacecraft_clock, spice, historical, ultra, l2, u45-ena-h-sf-nsp-full-hae-6deg-6mo, HARD_NO_TRIGGER, DOWNSTREAM
spacecraft_clock, spice, historical, ultra, l2, u90-ena-h-hf-nsp-full-hae-2deg-1yr, HARD_NO_TRIGGER, DOWNSTREAM
spacecraft_clock, spice, historical, ultra, l2, u90-ena-h-hf-nsp-full-hae-2deg-3mo, HARD_NO_TRIGGER, DOWNSTREAM
spacecraft_clock, spice, historical, ultra, l2, u90-ena-h-hf-nsp-full-hae-2deg-6mo, HARD_NO_TRIGGER, DOWNSTREAM
spacecraft_clock, spice, historical, ultra, l2, u90-ena-h-hf-nsp-full-hae-4deg-1yr, HARD_NO_TRIGGER, DOWNSTREAM
spacecraft_clock, spice, historical, ultra, l2, u90-ena-h-hf-nsp-full-hae-4deg-3mo, HARD_NO_TRIGGER, DOWNSTREAM
spacecraft_clock, spice, historical, ultra, l2, u90-ena-h-hf-nsp-full-hae-4deg-6mo, HARD_NO_TRIGGER, DOWNSTREAM
spacecraft_clock, spice, historical, ultra, l2, u90-ena-h-hf-nsp-full-hae-6deg-1yr, HARD_NO_TRIGGER, DOWNSTREAM
spacecraft_clock, spice, historical, ultra, l2, u90-ena-h-hf-nsp-full-hae-6deg-3mo, HARD_NO_TRIGGER, DOWNSTREAM
spacecraft_clock, spice, historical, ultra, l2, u90-ena-h-hf-nsp-full-hae-6deg-6mo, HARD_NO_TRIGGER, DOWNSTREAM
spacecraft_clock, spice, historical, ultra, l2, u90-ena-h-sf-nsp-full-hae-2deg-1yr, HARD_NO_TRIGGER, DOWNSTREAM
spacecraft_clock, spice, historical, ultra, l2, u90-ena-h-sf-nsp-full-hae-2deg-3mo, HARD_NO_TRIGGER, DOWNSTREAM
spacecraft_clock, spice, historical, ultra, l2, u90-ena-h-sf-nsp-full-hae-2deg-6mo, HARD_NO_TRIGGER, DOWNSTREAM
spacecraft_clock, spice, historical, ultra, l2, u90-ena-h-sf-nsp-full-hae-4deg-1yr, HARD_NO_TRIGGER, DOWNSTREAM
spacecraft_clock, spice, historical, ultra, l2, u90-ena-h-sf-nsp-full-hae-4deg-3mo, HARD_NO_TRIGGER, DOWNSTREAM
spacecraft_clock, spice, historical, ultra, l2, u90-ena-h-sf-nsp-full-hae-4deg-6mo, HARD_NO_TRIGGER, DOWNSTREAM
spacecraft_clock, spice, historical, ultra, l2, u90-ena-h-sf-nsp-full-hae-6deg-1yr, HARD_NO_TRIGGER, DOWNSTREAM
spacecraft_clock, spice, historical, ultra, l2, u90-ena-h-sf-nsp-full-hae-6deg-3mo, HARD_NO_TRIGGER, DOWNSTREAM
spacecraft_clock, spice, historical, ultra, l2, u90-ena-h-sf-nsp-full-hae-6deg-6mo, HARD_NO_TRIGGER, DOWNSTREAM
# Specify leapseconds kernel for all Ultra L2 ENA Maps
leapseconds, spice, historical, ultra, l2, u45-ena-h-hf-nsp-full-hae-2deg-1yr, HARD_NO_TRIGGER, DOWNSTREAM
leapseconds, spice, historical, ultra, l2, u45-ena-h-hf-nsp-full-hae-2deg-3mo, HARD_NO_TRIGGER, DOWNSTREAM
leapseconds, spice, historical, ultra, l2, u45-ena-h-hf-nsp-full-hae-2deg-6mo, HARD_NO_TRIGGER, DOWNSTREAM
leapseconds, spice, historical, ultra, l2, u45-ena-h-hf-nsp-full-hae-4deg-1yr, HARD_NO_TRIGGER, DOWNSTREAM
leapseconds, spice, historical, ultra, l2, u45-ena-h-hf-nsp-full-hae-4deg-3mo, HARD_NO_TRIGGER, DOWNSTREAM
leapseconds, spice, historical, ultra, l2, u45-ena-h-hf-nsp-full-hae-4deg-6mo, HARD_NO_TRIGGER, DOWNSTREAM
leapseconds, spice, historical, ultra, l2, u45-ena-h-hf-nsp-full-hae-6deg-1yr, HARD_NO_TRIGGER, DOWNSTREAM
leapseconds, spice, historical, ultra, l2, u45-ena-h-hf-nsp-full-hae-6deg-3mo, HARD_NO_TRIGGER, DOWNSTREAM
leapseconds, spice, historical, ultra, l2, u45-ena-h-hf-nsp-full-hae-6deg-6mo, HARD_NO_TRIGGER, DOWNSTREAM
leapseconds, spice, historical, ultra, l2, u45-ena-h-sf-nsp-full-hae-2deg-1yr, HARD_NO_TRIGGER, DOWNSTREAM
leapseconds, spice, historical, ultra, l2, u45-ena-h-sf-nsp-full-hae-2deg-3mo, HARD_NO_TRIGGER, DOWNSTREAM
leapseconds, spice, historical, ultra, l2, u45-ena-h-sf-nsp-full-hae-2deg-6mo, HARD_NO_TRIGGER, DOWNSTREAM
leapseconds, spice, historical, ultra, l2, u45-ena-h-sf-nsp-full-hae-4deg-1yr, HARD_NO_TRIGGER, DOWNSTREAM
leapseconds, spice, historical, ultra, l2, u45-ena-h-sf-nsp-full-hae-4deg-3mo, HARD_NO_TRIGGER, DOWNSTREAM
leapseconds, spice, historical, ultra, l2, u45-ena-h-sf-nsp-full-hae-4deg-6mo, HARD_NO_TRIGGER, DOWNSTREAM
leapseconds, spice, historical, ultra, l2, u45-ena-h-sf-nsp-full-hae-6deg-1yr, HARD_NO_TRIGGER, DOWNSTREAM
leapseconds, spice, historical, ultra, l2, u45-ena-h-sf-nsp-full-hae-6deg-3mo, HARD_NO_TRIGGER, DOWNSTREAM
leapseconds, spice, historical, ultra, l2, u45-ena-h-sf-nsp-full-hae-6deg-6mo, HARD_NO_TRIGGER, DOWNSTREAM
leapseconds, spice, historical, ultra, l2, u90-ena-h-hf-nsp-full-hae-2deg-1yr, HARD_NO_TRIGGER, DOWNSTREAM
leapseconds, spice, historical, ultra, l2, u90-ena-h-hf-nsp-full-hae-2deg-3mo, HARD_NO_TRIGGER, DOWNSTREAM
leapseconds, spice, historical, ultra, l2, u90-ena-h-hf-nsp-full-hae-2deg-6mo, HARD_NO_TRIGGER, DOWNSTREAM
leapseconds, spice, historical, ultra, l2, u90-ena-h-hf-nsp-full-hae-4deg-1yr, HARD_NO_TRIGGER, DOWNSTREAM
leapseconds, spice, historical, ultra, l2, u90-ena-h-hf-nsp-full-hae-4deg-3mo, HARD_NO_TRIGGER, DOWNSTREAM
leapseconds, spice, historical, ultra, l2, u90-ena-h-hf-nsp-full-hae-4deg-6mo, HARD_NO_TRIGGER, DOWNSTREAM
leapseconds, spice, historical, ultra, l2, u90-ena-h-hf-nsp-full-hae-6deg-1yr, HARD_NO_TRIGGER, DOWNSTREAM
leapseconds, spice, historical, ultra, l2, u90-ena-h-hf-nsp-full-hae-6deg-3mo, HARD_NO_TRIGGER, DOWNSTREAM
leapseconds, spice, historical, ultra, l2, u90-ena-h-hf-nsp-full-hae-6deg-6mo, HARD_NO_TRIGGER, DOWNSTREAM
leapseconds, spice, historical, ultra, l2, u90-ena-h-sf-nsp-full-hae-2deg-1yr, HARD_NO_TRIGGER, DOWNSTREAM
leapseconds, spice, historical, ultra, l2, u90-ena-h-sf-nsp-full-hae-2deg-3mo, HARD_NO_TRIGGER, DOWNSTREAM
leapseconds, spice, historical, ultra, l2, u90-ena-h-sf-nsp-full-hae-2deg-6mo, HARD_NO_TRIGGER, DOWNSTREAM
leapseconds, spice, historical, ultra, l2, u90-ena-h-sf-nsp-full-hae-4deg-1yr, HARD_NO_TRIGGER, DOWNSTREAM
leapseconds, spice, historical, ultra, l2, u90-ena-h-sf-nsp-full-hae-4deg-3mo, HARD_NO_TRIGGER, DOWNSTREAM
leapseconds, spice, historical, ultra, l2, u90-ena-h-sf-nsp-full-hae-4deg-6mo, HARD_NO_TRIGGER, DOWNSTREAM
leapseconds, spice, historical, ultra, l2, u90-ena-h-sf-nsp-full-hae-6deg-1yr, HARD_NO_TRIGGER, DOWNSTREAM
leapseconds, spice, historical, ultra, l2, u90-ena-h-sf-nsp-full-hae-6deg-3mo, HARD_NO_TRIGGER, DOWNSTREAM
leapseconds, spice, historical, ultra, l2, u90-ena-h-sf-nsp-full-hae-6deg-6mo, HARD_NO_TRIGGER, DOWNSTREAM
# Specify pointing_attitude kernel for all Ultra L2 ENA Maps
pointing_attitude, spice, historical, ultra, l2, u45-ena-h-hf-nsp-full-hae-2deg-1yr, HARD_NO_TRIGGER, DOWNSTREAM
pointing_attitude, spice, historical, ultra, l2, u45-ena-h-hf-nsp-full-hae-2deg-3mo, HARD_NO_TRIGGER, DOWNSTREAM
pointing_attitude, spice, historical, ultra, l2, u45-ena-h-hf-nsp-full-hae-2deg-6mo, HARD_NO_TRIGGER, DOWNSTREAM
pointing_attitude, spice, historical, ultra, l2, u45-ena-h-hf-nsp-full-hae-4deg-1yr, HARD_NO_TRIGGER, DOWNSTREAM
pointing_attitude, spice, historical, ultra, l2, u45-ena-h-hf-nsp-full-hae-4deg-3mo, HARD_NO_TRIGGER, DOWNSTREAM
pointing_attitude, spice, historical, ultra, l2, u45-ena-h-hf-nsp-full-hae-4deg-6mo, HARD_NO_TRIGGER, DOWNSTREAM
pointing_attitude, spice, historical, ultra, l2, u45-ena-h-hf-nsp-full-hae-6deg-1yr, HARD_NO_TRIGGER, DOWNSTREAM
pointing_attitude, spice, historical, ultra, l2, u45-ena-h-hf-nsp-full-hae-6deg-3mo, HARD_NO_TRIGGER, DOWNSTREAM
pointing_attitude, spice, historical, ultra, l2, u45-ena-h-hf-nsp-full-hae-6deg-6mo, HARD_NO_TRIGGER, DOWNSTREAM
pointing_attitude, spice, historical, ultra, l2, u45-ena-h-sf-nsp-full-hae-2deg-1yr, HARD_NO_TRIGGER, DOWNSTREAM
pointing_attitude, spice, historical, ultra, l2, u45-ena-h-sf-nsp-full-hae-2deg-3mo, HARD_NO_TRIGGER, DOWNSTREAM
pointing_attitude, spice, historical, ultra, l2, u45-ena-h-sf-nsp-full-hae-2deg-6mo, HARD_NO_TRIGGER, DOWNSTREAM
pointing_attitude, spice, historical, ultra, l2, u45-ena-h-sf-nsp-full-hae-4deg-1yr, HARD_NO_TRIGGER, DOWNSTREAM
pointing_attitude, spice, historical, ultra, l2, u45-ena-h-sf-nsp-full-hae-4deg-3mo, HARD_NO_TRIGGER, DOWNSTREAM
pointing_attitude, spice, historical, ultra, l2, u45-ena-h-sf-nsp-full-hae-4deg-6mo, HARD_NO_TRIGGER, DOWNSTREAM
pointing_attitude, spice, historical, ultra, l2, u45-ena-h-sf-nsp-full-hae-6deg-1yr, HARD_NO_TRIGGER, DOWNSTREAM
pointing_attitude, spice, historical, ultra, l2, u45-ena-h-sf-nsp-full-hae-6deg-3mo, HARD_NO_TRIGGER, DOWNSTREAM
pointing_attitude, spice, historical, ultra, l2, u45-ena-h-sf-nsp-full-hae-6deg-6mo, HARD_NO_TRIGGER, DOWNSTREAM
pointing_attitude, spice, historical, ultra, l2, u90-ena-h-hf-nsp-full-hae-2deg-1yr, HARD_NO_TRIGGER, DOWNSTREAM
pointing_attitude, spice, historical, ultra, l2, u90-ena-h-hf-nsp-full-hae-2deg-3mo, HARD_NO_TRIGGER, DOWNSTREAM
pointing_attitude, spice, historical, ultra, l2, u90-ena-h-hf-nsp-full-hae-2deg-6mo, HARD_NO_TRIGGER, DOWNSTREAM
pointing_attitude, spice, historical, ultra, l2, u90-ena-h-hf-nsp-full-hae-4deg-1yr, HARD_NO_TRIGGER, DOWNSTREAM
pointing_attitude, spice, historical, ultra, l2, u90-ena-h-hf-nsp-full-hae-4deg-3mo, HARD_NO_TRIGGER, DOWNSTREAM
pointing_attitude, spice, historical, ultra, l2, u90-ena-h-hf-nsp-full-hae-4deg-6mo, HARD_NO_TRIGGER, DOWNSTREAM
pointing_attitude, spice, historical, ultra, l2, u90-ena-h-hf-nsp-full-hae-6deg-1yr, HARD_NO_TRIGGER, DOWNSTREAM
pointing_attitude, spice, historical, ultra, l2, u90-ena-h-hf-nsp-full-hae-6deg-3mo, HARD_NO_TRIGGER, DOWNSTREAM
pointing_attitude, spice, historical, ultra, l2, u90-ena-h-hf-nsp-full-hae-6deg-6mo, HARD_NO_TRIGGER, DOWNSTREAM
pointing_attitude, spice, historical, ultra, l2, u90-ena-h-sf-nsp-full-hae-2deg-1yr, HARD_NO_TRIGGER, DOWNSTREAM
pointing_attitude, spice, historical, ultra, l2, u90-ena-h-sf-nsp-full-hae-2deg-3mo, HARD_NO_TRIGGER, DOWNSTREAM
pointing_attitude, spice, historical, ultra, l2, u90-ena-h-sf-nsp-full-hae-2deg-6mo, HARD_NO_TRIGGER, DOWNSTREAM
pointing_attitude, spice, historical, ultra, l2, u90-ena-h-sf-nsp-full-hae-4deg-1yr, HARD_NO_TRIGGER, DOWNSTREAM
pointing_attitude, spice, historical, ultra, l2, u90-ena-h-sf-nsp-full-hae-4deg-3mo, HARD_NO_TRIGGER, DOWNSTREAM
pointing_attitude, spice, historical, ultra, l2, u90-ena-h-sf-nsp-full-hae-4deg-6mo, HARD_NO_TRIGGER, DOWNSTREAM
pointing_attitude, spice, historical, ultra, l2, u90-ena-h-sf-nsp-full-hae-6deg-1yr, HARD_NO_TRIGGER, DOWNSTREAM
pointing_attitude, spice, historical, ultra, l2, u90-ena-h-sf-nsp-full-hae-6deg-3mo, HARD_NO_TRIGGER, DOWNSTREAM
pointing_attitude, spice, historical, ultra, l2, u90-ena-h-sf-nsp-full-hae-6deg-6mo, HARD_NO_TRIGGER, DOWNSTREAM
# Specify imap frames kernel for all Ultra L2 ENA Maps
imap_frames, spice, historical, ultra, l2, u45-ena-h-hf-nsp-full-hae-2deg-1yr, HARD_NO_TRIGGER, DOWNSTREAM
imap_frames, spice, historical, ultra, l2, u45-ena-h-hf-nsp-full-hae-2deg-3mo, HARD_NO_TRIGGER, DOWNSTREAM
imap_frames, spice, historical, ultra, l2, u45-ena-h-hf-nsp-full-hae-2deg-6mo, HARD_NO_TRIGGER, DOWNSTREAM
imap_frames, spice, historical, ultra, l2, u45-ena-h-hf-nsp-full-hae-4deg-1yr, HARD_NO_TRIGGER, DOWNSTREAM
imap_frames, spice, historical, ultra, l2, u45-ena-h-hf-nsp-full-hae-4deg-3mo, HARD_NO_TRIGGER, DOWNSTREAM
imap_frames, spice, historical, ultra, l2, u45-ena-h-hf-nsp-full-hae-4deg-6mo, HARD_NO_TRIGGER, DOWNSTREAM
imap_frames, spice, historical, ultra, l2, u45-ena-h-hf-nsp-full-hae-6deg-1yr, HARD_NO_TRIGGER, DOWNSTREAM
imap_frames, spice, historical, ultra, l2, u45-ena-h-hf-nsp-full-hae-6deg-3mo, HARD_NO_TRIGGER, DOWNSTREAM
imap_frames, spice, historical, ultra, l2, u45-ena-h-hf-nsp-full-hae-6deg-6mo, HARD_NO_TRIGGER, DOWNSTREAM
imap_frames, spice, historical, ultra, l2, u45-ena-h-sf-nsp-full-hae-2deg-1yr, HARD_NO_TRIGGER, DOWNSTREAM
imap_frames, spice, historical, ultra, l2, u45-ena-h-sf-nsp-full-hae-2deg-3mo, HARD_NO_TRIGGER, DOWNSTREAM
imap_frames, spice, historical, ultra, l2, u45-ena-h-sf-nsp-full-hae-2deg-6mo, HARD_NO_TRIGGER, DOWNSTREAM
imap_frames, spice, historical, ultra, l2, u45-ena-h-sf-nsp-full-hae-4deg-1yr, HARD_NO_TRIGGER, DOWNSTREAM
imap_frames, spice, historical, ultra, l2, u45-ena-h-sf-nsp-full-hae-4deg-3mo, HARD_NO_TRIGGER, DOWNSTREAM
imap_frames, spice, historical, ultra, l2, u45-ena-h-sf-nsp-full-hae-4deg-6mo, HARD_NO_TRIGGER, DOWNSTREAM
imap_frames, spice, historical, ultra, l2, u45-ena-h-sf-nsp-full-hae-6deg-1yr, HARD_NO_TRIGGER, DOWNSTREAM
imap_frames, spice, historical, ultra, l2, u45-ena-h-sf-nsp-full-hae-6deg-3mo, HARD_NO_TRIGGER, DOWNSTREAM
imap_frames, spice, historical, ultra, l2, u45-ena-h-sf-nsp-full-hae-6deg-6mo, HARD_NO_TRIGGER, DOWNSTREAM
imap_frames, spice, historical, ultra, l2, u90-ena-h-hf-nsp-full-hae-2deg-1yr, HARD_NO_TRIGGER, DOWNSTREAM
imap_frames, spice, historical, ultra, l2, u90-ena-h-hf-nsp-full-hae-2deg-3mo, HARD_NO_TRIGGER, DOWNSTREAM
imap_frames, spice, historical, ultra, l2, u90-ena-h-hf-nsp-full-hae-2deg-6mo, HARD_NO_TRIGGER, DOWNSTREAM
imap_frames, spice, historical, ultra, l2, u90-ena-h-hf-nsp-full-hae-4deg-1yr, HARD_NO_TRIGGER, DOWNSTREAM
imap_frames, spice, historical, ultra, l2, u90-ena-h-hf-nsp-full-hae-4deg-3mo, HARD_NO_TRIGGER, DOWNSTREAM
imap_frames, spice, historical, ultra, l2, u90-ena-h-hf-nsp-full-hae-4deg-6mo, HARD_NO_TRIGGER, DOWNSTREAM
imap_frames, spice, historical, ultra, l2, u90-ena-h-hf-nsp-full-hae-6deg-1yr, HARD_NO_TRIGGER, DOWNSTREAM
imap_frames, spice, historical, ultra, l2, u90-ena-h-hf-nsp-full-hae-6deg-3mo, HARD_NO_TRIGGER, DOWNSTREAM
imap_frames, spice, historical, ultra, l2, u90-ena-h-hf-nsp-full-hae-6deg-6mo, HARD_NO_TRIGGER, DOWNSTREAM
imap_frames, spice, historical, ultra, l2, u90-ena-h-sf-nsp-full-hae-2deg-1yr, HARD_NO_TRIGGER, DOWNSTREAM
imap_frames, spice, historical, ultra, l2, u90-ena-h-sf-nsp-full-hae-2deg-3mo, HARD_NO_TRIGGER, DOWNSTREAM
imap_frames, spice, historical, ultra, l2, u90-ena-h-sf-nsp-full-hae-2deg-6mo, HARD_NO_TRIGGER, DOWNSTREAM
imap_frames, spice, historical, ultra, l2, u90-ena-h-sf-nsp-full-hae-4deg-1yr, HARD_NO_TRIGGER, DOWNSTREAM
imap_frames, spice, historical, ultra, l2, u90-ena-h-sf-nsp-full-hae-4deg-3mo, HARD_NO_TRIGGER, DOWNSTREAM
imap_frames, spice, historical, ultra, l2, u90-ena-h-sf-nsp-full-hae-4deg-6mo, HARD_NO_TRIGGER, DOWNSTREAM
imap_frames, spice, historical, ultra, l2, u90-ena-h-sf-nsp-full-hae-6deg-1yr, HARD_NO_TRIGGER, DOWNSTREAM
imap_frames, spice, historical, ultra, l2, u90-ena-h-sf-nsp-full-hae-6deg-3mo, HARD_NO_TRIGGER, DOWNSTREAM
imap_frames, spice, historical, ultra, l2, u90-ena-h-sf-nsp-full-hae-6deg-6mo, HARD_NO_TRIGGER, DOWNSTREAM


# Ultra L3 spectral index map dependencies:
ultra, l3, ulc-ena-h-hf-sp-full-hae-2deg-3mo, ultra, l3, ulc-spx-h-hf-sp-full-hae-2deg-3mo, HARD, DOWNSTREAM
ultra, ancillary, ulc-spx-energy-ranges, ultra, l3, ulc-spx-h-hf-sp-full-hae-2deg-3mo, HARD, DOWNSTREAM
ultra, l3, u90-ena-h-hf-sp-full-hae-2deg-3mo, ultra, l3, u90-spx-h-hf-sp-full-hae-2deg-3mo, HARD, DOWNSTREAM
ultra, ancillary, ulc-spx-energy-ranges, ultra, l3, u90-spx-h-hf-sp-full-hae-2deg-3mo, HARD, DOWNSTREAM
ultra, l3, u45-ena-h-hf-sp-full-hae-2deg-3mo, ultra, l3, u45-spx-h-hf-sp-full-hae-2deg-3mo, HARD, DOWNSTREAM
ultra, ancillary, ulc-spx-energy-ranges, ultra, l3, u45-spx-h-hf-sp-full-hae-2deg-3mo, HARD, DOWNSTREAM
ultra, l3, ulc-ena-h-hf-sp-full-hae-4deg-3mo, ultra, l3, ulc-spx-h-hf-sp-full-hae-4deg-3mo, HARD, DOWNSTREAM
ultra, ancillary, ulc-spx-energy-ranges, ultra, l3, ulc-spx-h-hf-sp-full-hae-4deg-3mo, HARD, DOWNSTREAM
ultra, l3, u90-ena-h-hf-sp-full-hae-4deg-3mo, ultra, l3, u90-spx-h-hf-sp-full-hae-4deg-3mo, HARD, DOWNSTREAM
ultra, ancillary, ulc-spx-energy-ranges, ultra, l3, u90-spx-h-hf-sp-full-hae-4deg-3mo, HARD, DOWNSTREAM
ultra, l3, u45-ena-h-hf-sp-full-hae-4deg-3mo, ultra, l3, u45-spx-h-hf-sp-full-hae-4deg-3mo, HARD, DOWNSTREAM
ultra, ancillary, ulc-spx-energy-ranges, ultra, l3, u45-spx-h-hf-sp-full-hae-4deg-3mo, HARD, DOWNSTREAM
ultra, l3, ulc-ena-h-hf-sp-full-hae-6deg-3mo, ultra, l3, ulc-spx-h-hf-sp-full-hae-6deg-3mo, HARD, DOWNSTREAM
ultra, ancillary, ulc-spx-energy-ranges, ultra, l3, ulc-spx-h-hf-sp-full-hae-6deg-3mo, HARD, DOWNSTREAM
ultra, l3, u90-ena-h-hf-sp-full-hae-6deg-3mo, ultra, l3, u90-spx-h-hf-sp-full-hae-6deg-3mo, HARD, DOWNSTREAM
ultra, ancillary, ulc-spx-energy-ranges, ultra, l3, u90-spx-h-hf-sp-full-hae-6deg-3mo, HARD, DOWNSTREAM
ultra, l3, u45-ena-h-hf-sp-full-hae-6deg-3mo, ultra, l3, u45-spx-h-hf-sp-full-hae-6deg-3mo, HARD, DOWNSTREAM
ultra, ancillary, ulc-spx-energy-ranges, ultra, l3, u45-spx-h-hf-sp-full-hae-6deg-3mo, HARD, DOWNSTREAM
ultra, l3, ulc-ena-h-hf-sp-full-hae-2deg-6mo, ultra, l3, ulc-spx-h-hf-sp-full-hae-2deg-6mo, HARD, DOWNSTREAM
ultra, ancillary, ulc-spx-energy-ranges, ultra, l3, ulc-spx-h-hf-sp-full-hae-2deg-6mo, HARD, DOWNSTREAM
ultra, l3, u90-ena-h-hf-sp-full-hae-2deg-6mo, ultra, l3, u90-spx-h-hf-sp-full-hae-2deg-6mo, HARD, DOWNSTREAM
ultra, ancillary, ulc-spx-energy-ranges, ultra, l3, u90-spx-h-hf-sp-full-hae-2deg-6mo, HARD, DOWNSTREAM
ultra, l3, u45-ena-h-hf-sp-full-hae-2deg-6mo, ultra, l3, u45-spx-h-hf-sp-full-hae-2deg-6mo, HARD, DOWNSTREAM
ultra, ancillary, ulc-spx-energy-ranges, ultra, l3, u45-spx-h-hf-sp-full-hae-2deg-6mo, HARD, DOWNSTREAM
ultra, l3, ulc-ena-h-hf-sp-full-hae-4deg-6mo, ultra, l3, ulc-spx-h-hf-sp-full-hae-4deg-6mo, HARD, DOWNSTREAM
ultra, ancillary, ulc-spx-energy-ranges, ultra, l3, ulc-spx-h-hf-sp-full-hae-4deg-6mo, HARD, DOWNSTREAM
ultra, l3, u90-ena-h-hf-sp-full-hae-4deg-6mo, ultra, l3, u90-spx-h-hf-sp-full-hae-4deg-6mo, HARD, DOWNSTREAM
ultra, ancillary, ulc-spx-energy-ranges, ultra, l3, u90-spx-h-hf-sp-full-hae-4deg-6mo, HARD, DOWNSTREAM
ultra, l3, u45-ena-h-hf-sp-full-hae-4deg-6mo, ultra, l3, u45-spx-h-hf-sp-full-hae-4deg-6mo, HARD, DOWNSTREAM
ultra, ancillary, ulc-spx-energy-ranges, ultra, l3, u45-spx-h-hf-sp-full-hae-4deg-6mo, HARD, DOWNSTREAM
ultra, l3, ulc-ena-h-hf-sp-full-hae-6deg-6mo, ultra, l3, ulc-spx-h-hf-sp-full-hae-6deg-6mo, HARD, DOWNSTREAM
ultra, ancillary, ulc-spx-energy-ranges, ultra, l3, ulc-spx-h-hf-sp-full-hae-6deg-6mo, HARD, DOWNSTREAM
ultra, l3, u90-ena-h-hf-sp-full-hae-6deg-6mo, ultra, l3, u90-spx-h-hf-sp-full-hae-6deg-6mo, HARD, DOWNSTREAM
ultra, ancillary, ulc-spx-energy-ranges, ultra, l3, u90-spx-h-hf-sp-full-hae-6deg-6mo, HARD, DOWNSTREAM
ultra, l3, u45-ena-h-hf-sp-full-hae-6deg-6mo, ultra, l3, u45-spx-h-hf-sp-full-hae-6deg-6mo, HARD, DOWNSTREAM
ultra, ancillary, ulc-spx-energy-ranges, ultra, l3, u45-spx-h-hf-sp-full-hae-6deg-6mo, HARD, DOWNSTREAM
ultra, l3, ulc-ena-h-hf-sp-full-hae-2deg-1yr, ultra, l3, ulc-spx-h-hf-sp-full-hae-2deg-1yr, HARD, DOWNSTREAM
ultra, ancillary, ulc-spx-energy-ranges, ultra, l3, ulc-spx-h-hf-sp-full-hae-2deg-1yr, HARD, DOWNSTREAM
ultra, l3, u90-ena-h-hf-sp-full-hae-2deg-1yr, ultra, l3, u90-spx-h-hf-sp-full-hae-2deg-1yr, HARD, DOWNSTREAM
ultra, ancillary, ulc-spx-energy-ranges, ultra, l3, u90-spx-h-hf-sp-full-hae-2deg-1yr, HARD, DOWNSTREAM
ultra, l3, u45-ena-h-hf-sp-full-hae-2deg-1yr, ultra, l3, u45-spx-h-hf-sp-full-hae-2deg-1yr, HARD, DOWNSTREAM
ultra, ancillary, ulc-spx-energy-ranges, ultra, l3, u45-spx-h-hf-sp-full-hae-2deg-1yr, HARD, DOWNSTREAM
ultra, l3, ulc-ena-h-hf-sp-full-hae-4deg-1yr, ultra, l3, ulc-spx-h-hf-sp-full-hae-4deg-1yr, HARD, DOWNSTREAM
ultra, ancillary, ulc-spx-energy-ranges, ultra, l3, ulc-spx-h-hf-sp-full-hae-4deg-1yr, HARD, DOWNSTREAM
ultra, l3, u90-ena-h-hf-sp-full-hae-4deg-1yr, ultra, l3, u90-spx-h-hf-sp-full-hae-4deg-1yr, HARD, DOWNSTREAM
ultra, ancillary, ulc-spx-energy-ranges, ultra, l3, u90-spx-h-hf-sp-full-hae-4deg-1yr, HARD, DOWNSTREAM
ultra, l3, u45-ena-h-hf-sp-full-hae-4deg-1yr, ultra, l3, u45-spx-h-hf-sp-full-hae-4deg-1yr, HARD, DOWNSTREAM
ultra, ancillary, ulc-spx-energy-ranges, ultra, l3, u45-spx-h-hf-sp-full-hae-4deg-1yr, HARD, DOWNSTREAM
ultra, l3, ulc-ena-h-hf-sp-full-hae-6deg-1yr, ultra, l3, ulc-spx-h-hf-sp-full-hae-6deg-1yr, HARD, DOWNSTREAM
ultra, ancillary, ulc-spx-energy-ranges, ultra, l3, ulc-spx-h-hf-sp-full-hae-6deg-1yr, HARD, DOWNSTREAM
ultra, l3, u90-ena-h-hf-sp-full-hae-6deg-1yr, ultra, l3, u90-spx-h-hf-sp-full-hae-6deg-1yr, HARD, DOWNSTREAM
ultra, ancillary, ulc-spx-energy-ranges, ultra, l3, u90-spx-h-hf-sp-full-hae-6deg-1yr, HARD, DOWNSTREAM
ultra, l3, u45-ena-h-hf-sp-full-hae-6deg-1yr, ultra, l3, u45-spx-h-hf-sp-full-hae-6deg-1yr, HARD, DOWNSTREAM
ultra, ancillary, ulc-spx-energy-ranges, ultra, l3, u45-spx-h-hf-sp-full-hae-6deg-1yr, HARD, DOWNSTREAM
